time,lattitude,longtitude,connection_strength_data,provider,panel_orientation_deg,sun_altitude_deg,shadow_blockage_ratio,terrain_elevation_m
2024-09-21T05:00:00,36.402728,138.283464,88.915,Alpine Mobile,36,53.807,0.0,2564.29
2024-09-21T05:03:00,36.396224,138.284476,87.476,UQ Mobile,72,53.923,0.0,2603.81
2024-09-21T05:06:00,36.398685,138.27667,89.879,Alpine Mobile,90,54.033,0.0,1132.67
2024-09-21T05:09:00,36.402934,138.27897,88.978,Alpine Mobile,90,54.137,0.0,1841.5
2024-09-21T05:12:00,36.400192,138.275928,86.358,UQ Mobile,18,54.235,0.0,1217.92
2024-09-21T05:15:00,36.406231,138.281136,86.72,UQ Mobile,36,54.327,0.0,2529.89
2024-09-21T05:18:00,36.405436,138.276956,88.172,UQ Mobile,90,54.414,0.0,2149.58
2024-09-21T05:21:00,36.406456,138.276858,88.963,Summit LTE,90,54.494,0.0,2365.19
2024-09-21T05:24:00,36.402574,138.28074,86.694,Summit LTE,72,54.569,0.0,1111.91
2024-09-21T05:27:00,36.405408,138.2801,89.396,UQ Mobile,72,54.638,0.0,2297.24
2024-09-21T05:30:00,36.407069,138.279359,89.888,UQ Mobile,18,54.701,0.0,1794.74
2024-09-21T05:33:00,36.40186,138.280437,86.835,Alpine Mobile,90,54.757,0.0,2292.85
2024-09-21T05:36:00,36.403057,138.281525,89.371,UQ Mobile,72,54.808,0.0,2212.51
2024-09-21T05:39:00,36.404375,138.281817,87.703,UQ Mobile,36,54.853,0.0,2073.49
2024-09-21T05:42:00,36.409296,138.275528,86.86,UQ Mobile,18,54.892,0.0,2373.32
2024-09-21T05:45:00,36.407937,138.282321,86.541,Summit LTE,18,54.925,0.0,1757.76
2024-09-21T05:48:00,36.409961,138.276455,86.982,Alpine Mobile,18,54.952,0.0,2491.59
2024-09-21T05:51:00,36.409366,138.278913,87.222,UQ Mobile,36,54.973,0.0,2312.69
2024-09-21T05:54:00,36.408074,138.279463,89.992,Alpine Mobile,90,54.988,0.0,2123.36
2024-09-21T05:57:00,36.41018,138.276712,87.888,Alpine Mobile,18,54.997,0.0,1188.91
2024-09-21T06:00:00,36.40969,138.279725,89.038,Summit LTE,90,55.0,0.0,1544.16
2024-09-21T06:03:00,36.404872,138.280336,86.649,UQ Mobile,72,54.997,0.0,1935.06
2024-09-21T06:06:00,36.403939,138.274928,88.44,Alpine Mobile,18,54.988,0.0,1285.99
2024-09-21T06:09:00,36.410688,138.275224,88.389,Alpine Mobile,72,54.973,0.0,1997.11
2024-09-21T06:12:00,36.412812,138.281423,88.04,Alpine Mobile,90,54.952,0.0,1739.27
2024-09-21T06:15:00,36.410107,138.280025,90.163,UQ Mobile,90,54.925,0.0,2002.22
2024-09-21T06:18:00,36.408857,138.284114,87.768,UQ Mobile,18,54.892,0.0,2126.55
2024-09-21T06:21:00,36.414954,138.283379,89.124,Alpine Mobile,18,54.853,0.0,2412.11
2024-09-21T06:24:00,36.409649,138.280285,86.429,Summit LTE,90,54.808,0.0,2312.04
2024-09-21T06:27:00,36.410713,138.276815,86.204,Summit LTE,18,54.757,0.0,2180.72
2024-09-21T06:30:00,36.412693,138.277336,89.706,UQ Mobile,36,54.701,0.0,1867.82
2024-09-21T06:33:00,36.410817,138.274115,87.09,Summit LTE,72,54.638,0.0,2577.17
2024-09-21T06:36:00,36.415442,138.27533,89.609,UQ Mobile,18,54.569,0.0,2425.91
2024-09-21T06:39:00,36.417277,138.280825,88.285,Alpine Mobile,90,54.494,0.0,2113.86
2024-09-21T06:42:00,36.411918,138.280537,87.022,Alpine Mobile,18,54.414,0.0,1235.23
2024-09-21T06:45:00,36.412427,138.274951,89.498,UQ Mobile,90,54.327,0.0,2120.99
2024-09-21T06:48:00,36.416745,138.280193,86.964,Summit LTE,72,54.235,0.0,1400.17
2024-09-21T06:51:00,36.411603,138.275421,86.163,Alpine Mobile,18,54.137,0.0,2148.03
2024-09-21T06:54:00,36.411262,138.282289,86.176,UQ Mobile,90,54.033,0.0,2042.89
2024-09-21T06:57:00,36.417821,138.277386,86.093,Summit LTE,36,53.923,0.0,2154.97
2024-09-21T07:00:00,36.418432,138.2816,88.074,Summit LTE,90,53.807,0.0,1731.29
2024-09-21T07:03:00,36.414548,138.282251,89.674,Summit LTE,36,53.686,0.0,1499.45
2024-09-21T07:06:00,36.419391,138.273382,87.39,Alpine Mobile,72,53.559,0.0,1595.85
2024-09-21T07:09:00,36.412428,138.276098,86.101,Summit LTE,36,53.426,0.0,2011.14
2024-09-21T07:12:00,36.419187,138.279147,86.383,UQ Mobile,36,53.287,0.0,1631.02
2024-09-21T07:15:00,36.417361,138.279288,88.905,UQ Mobile,72,53.143,0.0,2434.17
2024-09-21T07:18:00,36.414816,138.277236,85.5,Summit LTE,72,52.992,0.0,2380.03
2024-09-21T07:21:00,36.419094,138.282239,88.35,UQ Mobile,72,52.837,0.0,1433.78
2024-09-21T07:24:00,36.415565,138.273357,88.51,Alpine Mobile,36,52.675,0.0,1535.85
2024-09-21T07:27:00,36.421605,138.276341,88.294,Alpine Mobile,18,52.508,0.0,1797.65
2024-09-21T07:30:00,36.416821,138.276785,88.011,Alpine Mobile,72,52.336,0.0,2187.14
2024-09-21T07:33:00,36.423191,138.281606,85.92,Summit LTE,90,52.158,0.0,1257.39
2024-09-21T07:36:00,36.423675,138.282057,88.821,Alpine Mobile,18,51.974,0.0,1502.24
2024-09-21T07:39:00,36.415964,138.278412,86.261,Alpine Mobile,90,51.785,0.0,2415.97
2024-09-21T07:42:00,36.422366,138.274839,87.891,UQ Mobile,18,51.59,0.0,1435.07
2024-09-21T07:45:00,36.419443,138.279045,88.393,Summit LTE,18,51.391,0.0,2039.33
2024-09-21T07:48:00,36.42194,138.274817,88.766,UQ Mobile,72,51.185,0.0,2228.54
2024-09-21T07:51:00,36.421432,138.279602,84.879,Summit LTE,18,50.975,0.0,2239.36
2024-09-21T07:54:00,36.427369,138.273699,84.659,Summit LTE,72,50.759,0.0,1725.41
2024-09-21T07:57:00,36.422142,138.280285,85.932,Summit LTE,90,50.537,0.0,2620.77
2024-09-21T08:00:00,36.424391,138.281196,88.287,Summit LTE,72,50.311,0.0,1496.81
2024-09-21T08:03:00,36.42629,138.271867,87.237,UQ Mobile,72,50.079,0.0,2043.25
2024-09-21T08:06:00,36.428349,138.278174,85.626,Summit LTE,18,49.842,0.0,1906.32
2024-09-21T08:09:00,36.423884,138.274624,85.225,UQ Mobile,36,49.6,0.0,1400.4
2024-09-21T08:12:00,36.424086,138.278908,86.416,Alpine Mobile,18,49.353,0.0,2495.64
2024-09-21T08:15:00,36.424229,138.27484,87.214,Summit LTE,36,49.101,0.0,1371.67
2024-09-21T08:18:00,36.421801,138.277034,85.433,Summit LTE,72,48.844,0.0,1979.45
2024-09-21T08:21:00,36.429073,138.279092,85.049,Summit LTE,72,48.582,0.0,1681.33
2024-09-21T08:24:00,36.430263,138.277727,86.061,Alpine Mobile,36,48.316,0.0,1633.93
2024-09-21T08:27:00,36.425565,138.270488,86.452,Summit LTE,90,48.044,0.0,1450.31
2024-09-21T08:30:00,36.429089,138.27337,83.595,UQ Mobile,36,47.767,0.0,1627.28
2024-09-21T08:33:00,36.428684,138.278167,85.398,Summit LTE,18,47.486,0.0,1964.3
2024-09-21T08:36:00,36.432498,138.27918,84.7,UQ Mobile,36,47.2,0.0,1638.23
2024-09-21T08:39:00,36.428737,138.278958,83.951,Alpine Mobile,36,46.909,0.0,1673.24
2024-09-21T08:42:00,36.428907,138.272821,85.217,Alpine Mobile,18,46.614,0.0,1825.67
2024-09-21T08:45:00,36.430469,138.275859,83.597,Summit LTE,72,46.314,0.0,1895.12
2024-09-21T08:48:00,36.430787,138.269941,83.339,Alpine Mobile,72,46.01,0.0,2599.04
2024-09-21T08:51:00,36.428138,138.26966,83.173,Summit LTE,72,45.701,0.0,1164.45
2024-09-21T08:54:00,36.429587,138.269266,84.164,Alpine Mobile,90,45.388,0.0,1937.08
2024-09-21T08:57:00,36.429565,138.270311,86.307,UQ Mobile,36,45.071,0.0,2288.3
2024-09-21T09:00:00,36.427645,138.271789,85.774,UQ Mobile,72,44.749,0.0,2016.85
2024-09-21T09:03:00,36.432857,138.275273,83.235,UQ Mobile,18,44.423,0.0,1735.25
2024-09-21T09:06:00,36.429234,138.268837,83.547,UQ Mobile,90,44.092,0.0,2510.06
2024-09-21T09:09:00,36.435123,138.270243,83.575,Summit LTE,72,43.758,0.0,1167.52
2024-09-21T09:12:00,36.431568,138.272239,81.805,Alpine Mobile,36,43.42,0.0,2183.68
2024-09-21T09:15:00,36.436507,138.269635,84.486,Alpine Mobile,18,43.077,0.0,1277.9
2024-09-21T09:18:00,36.430498,138.270164,83.704,Alpine Mobile,90,42.731,0.0,2484.87
2024-09-21T09:21:00,36.438348,138.272891,82.82,Alpine Mobile,18,42.38,0.0,1867.97
2024-09-21T09:24:00,36.437734,138.271043,82.208,UQ Mobile,36,42.026,0.0,1729.96
2024-09-21T09:27:00,36.430727,138.272314,83.999,UQ Mobile,36,41.668,0.0,1997.84
2024-09-21T09:30:00,36.436292,138.275985,84.452,Alpine Mobile,72,41.307,0.0,2062.35
2024-09-21T09:33:00,36.433928,138.268158,81.681,Alpine Mobile,90,40.941,0.0,2324.6
2024-09-21T09:36:00,36.433894,138.275854,82.092,Summit LTE,36,40.572,0.0,2060.01
2024-09-21T09:39:00,36.432618,138.275837,82.477,Alpine Mobile,18,40.2,0.0,1926.63
2024-09-21T09:42:00,36.436474,138.272733,82.582,Summit LTE,18,39.824,0.0,2598.71
2024-09-21T09:45:00,36.431621,138.270459,82.769,UQ Mobile,18,39.445,0.0,1739.18
2024-09-21T09:48:00,36.43751,138.267746,83.527,Summit LTE,90,39.062,0.0,1680.63
2024-09-21T09:51:00,36.434821,138.269643,80.957,Summit LTE,90,38.677,0.0,985.65
2024-09-21T09:54:00,36.43708,138.267258,81.134,Alpine Mobile,18,38.287,0.0,1449.32
2024-09-21T09:57:00,36.44123,138.266644,79.864,Alpine Mobile,72,37.895,0.0,2025.52
2024-09-21T10:00:00,36.440297,138.27286,81.942,Alpine Mobile,18,37.5,0.0,1964.85
2024-09-21T10:03:00,36.438307,138.267373,79.796,Summit LTE,72,37.102,0.0,2211.35
2024-09-21T10:06:00,36.43448,138.265643,82.299,Alpine Mobile,18,36.701,0.0,2459.2
2024-09-21T10:09:00,36.434961,138.272897,80.655,Alpine Mobile,18,36.297,0.0,2021.52
2024-09-21T10:12:00,36.436891,138.2687,81.228,Summit LTE,72,35.89,0.0,2434.38
2024-09-21T10:15:00,36.442332,138.270739,81.84,UQ Mobile,90,35.48,0.0,1406.05
2024-09-21T10:18:00,36.440545,138.265608,81.977,Summit LTE,90,35.068,0.0,2041.76
2024-09-21T10:21:00,36.444603,138.265425,81.966,UQ Mobile,18,34.653,0.0,2002.25
2024-09-21T10:24:00,36.439725,138.273355,78.573,Summit LTE,72,34.236,0.0,2183.75
2024-09-21T10:27:00,36.438467,138.265516,81.713,Alpine Mobile,72,33.816,0.0,2522.71
2024-09-21T10:30:00,36.43909,138.27025,78.347,Alpine Mobile,72,33.394,0.0,1038.33
2024-09-21T10:33:00,36.442563,138.26793,81.476,UQ Mobile,72,32.97,0.0,1921.24
2024-09-21T10:36:00,36.444376,138.272554,77.585,Summit LTE,18,32.543,0.0,1526.44
2024-09-21T10:39:00,36.442621,138.268782,80.15,Alpine Mobile,18,32.114,0.0,1443.6
2024-09-21T10:42:00,36.439018,138.262645,78.026,UQ Mobile,36,31.683,0.0,1535.71
2024-09-21T10:45:00,36.443828,138.270486,80.357,UQ Mobile,36,31.25,0.0,2177.14
2024-09-21T10:48:00,36.440384,138.271578,78.482,Alpine Mobile,18,30.816,0.0,1307.13
2024-09-21T10:51:00,36.448987,138.265964,79.636,Summit LTE,72,30.379,0.0,1188.53
2024-09-21T10:54:00,36.443894,138.26677,79.185,Summit LTE,36,29.941,0.0,2442.75
2024-09-21T10:57:00,36.441729,138.270324,77.254,UQ Mobile,36,29.5,0.0,1626.07
2024-09-21T11:00:00,36.44867,138.26242,76.832,UQ Mobile,72,29.059,0.0,1636.97
2024-09-21T11:03:00,36.450186,138.267869,77.951,UQ Mobile,72,28.615,0.0,2288.88
2024-09-21T11:06:00,36.449459,138.260621,77.434,Alpine Mobile,90,28.171,0.0,2072.4
2024-09-21T11:09:00,36.441461,138.264897,76.408,UQ Mobile,36,27.724,0.0,2280.85
2024-09-21T11:12:00,36.444338,138.267199,77.135,UQ Mobile,72,27.277,0.0,2030.48
2024-09-21T11:15:00,36.444187,138.264122,78.846,UQ Mobile,36,26.828,0.0,2159.83
2024-09-21T11:18:00,36.447707,138.265458,77.261,UQ Mobile,36,26.378,0.0,2022.31
2024-09-21T11:21:00,36.448624,138.264468,75.493,Alpine Mobile,18,25.927,0.0,1787.63
2024-09-21T11:24:00,36.447905,138.262347,77.979,UQ Mobile,90,25.475,0.0,2040.62
2024-09-21T11:27:00,36.444039,138.262448,76.592,Alpine Mobile,36,25.022,0.0,1689.54
2024-09-21T11:30:00,36.446254,138.259948,75.871,Alpine Mobile,36,24.568,0.0,1857.06
2024-09-21T11:33:00,36.447508,138.258885,74.318,UQ Mobile,36,24.114,0.0,1409.98
2024-09-21T11:36:00,36.450069,138.263901,75.195,Alpine Mobile,72,23.658,0.0,2312.49
2024-09-21T11:39:00,36.445118,138.2656,75.926,Alpine Mobile,90,23.203,0.0,1006.28
2024-09-21T11:42:00,36.454361,138.262533,75.62,Alpine Mobile,18,22.746,0.0,1677.98
2024-09-21T11:45:00,36.445155,138.258244,76.106,Summit LTE,72,22.289,0.0,1697.14
2024-09-21T11:48:00,36.45487,138.259713,75.565,UQ Mobile,18,21.832,0.0,1139.11
2024-09-21T11:51:00,36.446509,138.265486,73.35,Alpine Mobile,18,21.374,0.0,1903.55
2024-09-21T11:54:00,36.450291,138.257176,74.045,Summit LTE,90,20.916,0.0,2485.05
2024-09-21T11:57:00,36.44826,138.264323,75.113,UQ Mobile,90,20.458,0.0,2094.02
2024-09-21T12:00:00,36.455099,138.259344,74.812,Alpine Mobile,18,20.0,0.0,1655.37
2024-09-21T12:03:00,36.452373,138.261484,74.0,Alpine Mobile,72,19.542,0.0,2183.91
2024-09-21T12:06:00,36.45102,138.26363,72.222,UQ Mobile,18,19.084,0.0,2057.92
2024-09-21T12:09:00,36.448293,138.259773,74.715,Summit LTE,18,18.626,0.0,2129.69
2024-09-21T12:12:00,36.45369,138.258862,74.043,Summit LTE,18,18.168,0.0,1171.76
2024-09-21T12:15:00,36.456634,138.257033,72.561,Alpine Mobile,18,17.711,0.0,1933.28
2024-09-21T12:18:00,36.451968,138.258347,75.185,Summit LTE,90,17.254,0.0,1184.27
2024-09-21T12:21:00,36.453176,138.256183,71.787,Alpine Mobile,90,16.797,0.0,1061.07
2024-09-21T12:24:00,36.449086,138.261041,73.383,UQ Mobile,18,16.342,0.0,1499.33
2024-09-21T12:27:00,36.458749,138.257025,73.555,Summit LTE,90,15.886,0.0,1187.55
2024-09-21T12:30:00,36.456738,138.254511,73.902,Summit LTE,18,15.432,0.0,1878.86
2024-09-21T12:33:00,36.454497,138.254081,70.822,UQ Mobile,36,14.978,0.0,2044.99
2024-09-21T12:36:00,36.4585,138.261195,70.62,Summit LTE,18,14.525,0.0,1427.59
2024-09-21T12:39:00,36.459006,138.256054,73.827,Summit LTE,90,14.073,0.0,1037.49
2024-09-21T12:42:00,36.451857,138.258801,71.393,Alpine Mobile,90,13.622,0.0,1494.99
2024-09-21T12:45:00,36.454942,138.254664,73.142,Alpine Mobile,18,13.172,0.0,2520.46
2024-09-21T12:48:00,36.45753,138.256806,72.658,Alpine Mobile,36,12.723,0.0,1556.45
2024-09-21T12:51:00,36.455006,138.25938,72.353,Summit LTE,90,12.276,0.0,2147.02
2024-09-21T12:54:00,36.456497,138.256819,72.383,UQ Mobile,36,11.829,0.0,1569.29
2024-09-21T12:57:00,36.461925,138.25626,70.083,Alpine Mobile,72,11.385,0.0,2327.55
2024-09-21T13:00:00,36.455729,138.2518,71.668,Alpine Mobile,90,10.941,0.0,1195.25
2024-09-21T13:03:00,36.45359,138.259947,72.425,Summit LTE,36,10.5,0.0,1904.62
2024-09-21T13:06:00,36.462764,138.250259,71.149,UQ Mobile,90,10.059,0.042,1333.73
2024-09-21T13:09:00,36.460923,138.25034,67.256,UQ Mobile,72,9.621,0.084,1239.73
2024-09-21T13:12:00,36.458257,138.251862,68.702,Alpine Mobile,72,9.184,0.125,2075.31
2024-09-21T13:15:00,36.460782,138.252146,65.857,UQ Mobile,36,8.75,0.167,1076.74
2024-09-21T13:18:00,36.458026,138.251446,64.191,Alpine Mobile,90,8.317,0.208,1159.47
2024-09-21T13:21:00,36.4582,138.251196,65.991,UQ Mobile,36,7.886,0.249,1849.26
2024-09-21T13:24:00,36.455727,138.255631,62.748,UQ Mobile,18,7.457,0.29,1376.28
2024-09-21T13:27:00,36.459408,138.25695,63.568,UQ Mobile,90,7.03,0.33,1216.99
2024-09-21T13:30:00,36.460538,138.247851,62.707,Alpine Mobile,18,6.606,0.371,1279.24
2024-09-21T13:33:00,36.461016,138.249518,62.313,UQ Mobile,36,6.184,0.411,2612.95
2024-09-21T13:36:00,36.46305,138.255421,59.614,Alpine Mobile,36,5.764,0.451,1292.87
2024-09-21T13:39:00,36.462668,138.249988,60.791,UQ Mobile,90,5.347,0.491,2080.82
2024-09-21T13:42:00,36.46174,138.253679,60.263,UQ Mobile,90,4.932,0.53,1680.37
2024-09-21T13:45:00,36.463979,138.249899,59.556,Alpine Mobile,36,4.52,0.57,1411.84
2024-09-21T13:48:00,36.460706,138.250768,54.204,UQ Mobile,18,4.11,0.609,2289.89
2024-09-21T13:51:00,36.460255,138.254422,57.053,UQ Mobile,18,3.703,0.647,1555.72
2024-09-21T13:54:00,36.462548,138.245671,55.802,Summit LTE,72,3.299,0.686,1594.42
2024-09-21T13:57:00,36.465729,138.254296,51.75,Summit LTE,90,2.898,0.724,2418.39
2024-09-21T14:00:00,36.461323,138.252683,52.143,Alpine Mobile,90,2.5,0.762,2322.14
2024-09-21T14:03:00,36.461944,138.250615,51.419,Summit LTE,36,2.105,0.8,2393.85
2024-09-21T14:06:00,36.461196,138.24821,53.851,Summit LTE,72,1.713,0.837,1037.7
2024-09-21T14:09:00,36.467062,138.24612,48.985,UQ Mobile,18,1.323,0.874,1804.53
2024-09-21T14:12:00,36.463131,138.243815,48.857,UQ Mobile,72,0.938,0.911,1858.76
2024-09-21T14:15:00,36.465521,138.251593,52.059,Summit LTE,72,0.555,0.947,976.89
2024-09-21T14:18:00,36.463766,138.243984,47.295,Alpine Mobile,36,0.176,0.983,1443.51
2024-09-21T14:21:00,36.462153,138.248835,48.343,Summit LTE,90,-0.2,1.0,1843.14
2024-09-21T14:24:00,36.460939,138.249651,50.331,Summit LTE,72,-0.572,1.0,1639.65
2024-09-21T14:27:00,36.461935,138.242817,49.605,Alpine Mobile,18,-0.941,1.0,1954.11
2024-09-21T14:30:00,36.46544,138.243164,49.569,UQ Mobile,90,-1.307,1.0,1594.57
2024-09-21T14:33:00,36.461494,138.242358,50.95,Summit LTE,90,-1.668,1.0,1351.64
2024-09-21T14:36:00,36.467346,138.248181,46.262,Summit LTE,36,-2.026,1.0,2522.41
2024-09-21T14:39:00,36.469132,138.244585,49.44,Alpine Mobile,72,-2.38,1.0,1398.18
2024-09-21T14:42:00,36.464163,138.242383,49.246,Alpine Mobile,72,-2.731,1.0,1775.96
2024-09-21T14:45:00,36.468575,138.244703,50.416,Summit LTE,18,-3.077,1.0,1226.06
2024-09-21T14:48:00,36.463962,138.243733,48.475,UQ Mobile,18,-3.42,1.0,1874.7
2024-09-21T14:51:00,36.46346,138.244714,47.367,Summit LTE,90,-3.758,1.0,2125.91
2024-09-21T14:54:00,36.467406,138.243168,46.999,UQ Mobile,18,-4.092,1.0,2221.52
2024-09-21T14:57:00,36.465825,138.245402,47.982,UQ Mobile,36,-4.423,1.0,2119.53
2024-09-21T15:00:00,36.462325,138.243572,48.351,Alpine Mobile,36,-4.749,1.0,2042.78
2024-09-21T15:03:00,36.472468,138.240059,47.713,Summit LTE,18,-5.071,1.0,1280.56
2024-09-21T15:06:00,36.465909,138.241723,48.616,Alpine Mobile,18,-5.388,1.0,1996.88
2024-09-21T15:09:00,36.46655,138.244847,46.723,UQ Mobile,72,-5.701,1.0,1994.08
2024-09-21T15:12:00,36.469349,138.240185,47.745,UQ Mobile,90,-6.01,1.0,1910.87
2024-09-21T15:15:00,36.471011,138.236982,47.163,UQ Mobile,72,-6.314,1.0,2461.64
2024-09-21T15:18:00,36.463595,138.238768,49.363,Alpine Mobile,36,-6.614,1.0,1744.87
2024-09-21T15:21:00,36.464243,138.242619,47.689,Summit LTE,72,-6.909,1.0,2407.95
2024-09-21T15:24:00,36.467502,138.2432,48.314,UQ Mobile,72,-7.2,1.0,1680.22
2024-09-21T15:27:00,36.473227,138.237801,45.623,UQ Mobile,36,-7.486,1.0,2434.5
2024-09-21T15:30:00,36.466817,138.24107,48.402,Summit LTE,72,-7.767,1.0,1905.51
2024-09-21T15:33:00,36.46733,138.239353,47.282,Alpine Mobile,72,-8.044,1.0,2609.86
2024-09-21T15:36:00,36.469034,138.241671,48.509,Alpine Mobile,90,-8.316,1.0,1277.64
2024-09-21T15:39:00,36.467473,138.243191,47.691,Summit LTE,72,-8.582,1.0,1945.26
2024-09-21T15:42:00,36.467941,138.236401,45.856,Summit LTE,72,-8.844,1.0,2143.27
2024-09-21T15:45:00,36.465931,138.241102,47.961,Summit LTE,72,-9.101,1.0,2100.42
2024-09-21T15:48:00,36.468164,138.240455,48.182,UQ Mobile,18,-9.353,1.0,2001.01
2024-09-21T15:51:00,36.466784,138.233232,50.117,Summit LTE,90,-9.6,1.0,1697.37
2024-09-21T15:54:00,36.468074,138.234142,47.182,Summit LTE,36,-9.842,1.0,1612.64
2024-09-21T15:57:00,36.467625,138.239153,47.115,Alpine Mobile,36,-10.079,1.0,2218.91
2024-09-21T16:00:00,36.475625,138.24027,47.741,UQ Mobile,90,-10.311,1.0,2111.81
2024-09-21T16:03:00,36.472557,138.235507,49.176,UQ Mobile,36,-10.537,1.0,1323.27
2024-09-21T16:06:00,36.474188,138.23871,48.012,Summit LTE,90,-10.759,1.0,2430.63
2024-09-21T16:09:00,36.474696,138.23787,47.948,UQ Mobile,90,-10.975,1.0,1544.88
2024-09-21T16:12:00,36.474692,138.238256,50.927,Alpine Mobile,36,-11.185,1.0,1247.3
2024-09-21T16:15:00,36.472313,138.230449,46.386,UQ Mobile,18,-11.391,1.0,1810.32
2024-09-21T16:18:00,36.471502,138.231527,46.501,Summit LTE,90,-11.59,1.0,2392.99
2024-09-21T16:21:00,36.473807,138.232048,49.587,UQ Mobile,18,-11.785,1.0,1415.86
2024-09-21T16:24:00,36.473804,138.236627,49.312,Summit LTE,90,-11.974,1.0,976.19
2024-09-21T16:27:00,36.475237,138.230573,47.375,Alpine Mobile,90,-12.158,1.0,2335.11
2024-09-21T16:30:00,36.475713,138.233581,50.303,UQ Mobile,18,-12.336,1.0,1568.22
2024-09-21T16:33:00,36.477553,138.233994,47.759,UQ Mobile,36,-12.508,1.0,1900.34
2024-09-21T16:36:00,36.472312,138.22702,50.102,Alpine Mobile,72,-12.675,1.0,1056.94
2024-09-21T16:39:00,36.476226,138.23197,47.49,Summit LTE,18,-12.837,1.0,2612.72
2024-09-21T16:42:00,36.473616,138.232114,47.151,Summit LTE,90,-12.992,1.0,1988.49
2024-09-21T16:45:00,36.476396,138.23232,49.311,Summit LTE,72,-13.143,1.0,1847.99
2024-09-21T16:48:00,36.474768,138.23507,49.349,UQ Mobile,36,-13.287,1.0,1669.43
2024-09-21T16:51:00,36.474285,138.233204,45.335,Alpine Mobile,18,-13.426,1.0,2621.77
2024-09-21T16:54:00,36.473852,138.229571,48.264,UQ Mobile,72,-13.559,1.0,1752.14
2024-09-21T16:57:00,36.477976,138.224416,50.678,UQ Mobile,72,-13.686,1.0,1196.6
2024-09-21T17:00:00,36.472584,138.233977,44.948,Alpine Mobile,72,-13.807,1.0,2620.09
2024-09-21T17:03:00,36.470152,138.227966,48.07,UQ Mobile,18,-13.923,1.0,1466.35
2024-09-21T17:06:00,36.477794,138.228872,48.84,UQ Mobile,72,-14.033,1.0,999.09
2024-09-21T17:09:00,36.476117,138.23057,49.805,UQ Mobile,36,-14.137,1.0,1837.73
2024-09-21T17:12:00,36.4785,138.223978,49.851,Alpine Mobile,36,-14.235,1.0,1460.35
2024-09-21T17:15:00,36.476449,138.225709,47.883,UQ Mobile,36,-14.327,1.0,1199.65
2024-09-21T17:18:00,36.475525,138.222467,46.797,UQ Mobile,18,-14.414,1.0,1840.7
2024-09-21T17:21:00,36.479442,138.22207,49.42,Summit LTE,36,-14.494,1.0,1862.96
2024-09-21T17:24:00,36.475956,138.226279,49.822,UQ Mobile,72,-14.569,1.0,1589.09
2024-09-21T17:27:00,36.479125,138.224817,47.968,UQ Mobile,18,-14.638,1.0,2535.71
2024-09-21T17:30:00,36.479169,138.222635,46.503,Summit LTE,36,-14.701,1.0,1633.07
2024-09-21T17:33:00,36.472115,138.2255,47.728,Alpine Mobile,90,-14.757,1.0,1182.91
2024-09-21T17:36:00,36.47416,138.219611,47.916,Summit LTE,18,-14.808,1.0,1312.06
2024-09-21T17:39:00,36.472571,138.226895,48.899,Alpine Mobile,72,-14.853,1.0,1262.54
2024-09-21T17:42:00,36.475883,138.22649,47.501,Summit LTE,90,-14.892,1.0,1738.56
2024-09-21T17:45:00,36.475792,138.22339,48.301,Summit LTE,36,-14.925,1.0,1176.79
2024-09-21T17:48:00,36.481176,138.224089,48.539,Summit LTE,72,-14.952,1.0,986.93
2024-09-21T17:51:00,36.47558,138.218037,47.346,UQ Mobile,36,-14.973,1.0,1750.5
2024-09-21T17:54:00,36.476795,138.222043,46.737,Alpine Mobile,90,-14.988,1.0,2371.55
2024-09-21T17:57:00,36.475932,138.22608,48.059,Summit LTE,36,-14.997,1.0,1480.33
2024-09-21T18:00:00,36.480371,138.219818,49.764,Summit LTE,90,-15.0,1.0,1037.25
2024-09-21T18:03:00,36.478112,138.216277,46.548,Alpine Mobile,72,-14.997,1.0,1778.57
2024-09-21T18:06:00,36.476267,138.215751,47.435,Summit LTE,72,-14.988,1.0,1878.39
2024-09-21T18:09:00,36.480841,138.220946,47.698,UQ Mobile,90,-14.973,1.0,1864.63
2024-09-21T18:12:00,36.479798,138.217638,51.005,Alpine Mobile,36,-14.952,1.0,1374.58
2024-09-21T18:15:00,36.477028,138.222074,50.958,Alpine Mobile,36,-14.925,1.0,976.81
2024-09-21T18:18:00,36.477789,138.215828,46.871,UQ Mobile,36,-14.892,1.0,2304.33
2024-09-21T18:21:00,36.475017,138.214233,48.179,UQ Mobile,36,-14.853,1.0,1641.76
2024-09-21T18:24:00,36.478727,138.221319,49.383,UQ Mobile,90,-14.808,1.0,1998.2
2024-09-21T18:27:00,36.473697,138.219547,47.313,UQ Mobile,36,-14.757,1.0,2129.56
2024-09-21T18:30:00,36.482358,138.221441,47.126,Alpine Mobile,90,-14.701,1.0,2187.36
2024-09-21T18:33:00,36.479275,138.213235,47.677,UQ Mobile,18,-14.638,1.0,2496.34
2024-09-21T18:36:00,36.475467,138.21931,48.139,UQ Mobile,90,-14.569,1.0,1440.16
2024-09-21T18:39:00,36.48126,138.218761,50.704,UQ Mobile,18,-14.494,1.0,1491.22
2024-09-21T18:42:00,36.474472,138.216718,46.847,Summit LTE,18,-14.414,1.0,2186.34
2024-09-21T18:45:00,36.476231,138.218356,45.386,UQ Mobile,18,-14.327,1.0,2445.94
2024-09-21T18:48:00,36.481891,138.219114,47.318,UQ Mobile,18,-14.235,1.0,1317.64
2024-09-21T18:51:00,36.482322,138.211583,50.771,Alpine Mobile,36,-14.137,1.0,1369.13
2024-09-21T18:54:00,36.47749,138.216091,47.06,Summit LTE,72,-14.033,1.0,1860.92
2024-09-21T18:57:00,36.477761,138.213166,47.244,Alpine Mobile,90,-13.923,1.0,2107.68
2024-09-21T19:00:00,36.474081,138.212036,50.107,Summit LTE,18,-13.807,1.0,1732.76
2024-09-21T19:03:00,36.474426,138.208833,45.081,UQ Mobile,36,-13.686,1.0,2297.25
2024-09-21T19:06:00,36.478679,138.214945,48.53,Alpine Mobile,36,-13.559,1.0,1795.26
2024-09-21T19:09:00,36.483342,138.21469,45.191,Summit LTE,90,-13.426,1.0,2237.57
2024-09-21T19:12:00,36.475546,138.208917,50.437,Summit LTE,72,-13.287,1.0,1028.9
2024-09-21T19:15:00,36.484006,138.212882,49.806,UQ Mobile,18,-13.143,1.0,1645.77
2024-09-21T19:18:00,36.480723,138.21387,49.152,UQ Mobile,36,-12.992,1.0,1162.22
2024-09-21T19:21:00,36.474936,138.209253,48.758,Alpine Mobile,72,-12.837,1.0,1493.31
2024-09-21T19:24:00,36.478797,138.211425,48.457,Alpine Mobile,72,-12.675,1.0,1064.95
2024-09-21T19:27:00,36.48022,138.21487,45.025,Alpine Mobile,90,-12.508,1.0,2529.64
2024-09-21T19:30:00,36.481549,138.207809,48.501,UQ Mobile,72,-12.336,1.0,2152.37
2024-09-21T19:33:00,36.475597,138.205453,45.922,Summit LTE,72,-12.158,1.0,1953.5
2024-09-21T19:36:00,36.482471,138.211248,46.166,Summit LTE,18,-11.974,1.0,2221.7
2024-09-21T19:39:00,36.476942,138.207408,48.469,Alpine Mobile,72,-11.785,1.0,1487.28
2024-09-21T19:42:00,36.482661,138.209105,48.985,UQ Mobile,72,-11.59,1.0,1849.32
2024-09-21T19:45:00,36.481667,138.206647,48.844,Alpine Mobile,90,-11.391,1.0,1224.86
2024-09-21T19:48:00,36.478575,138.206068,47.799,Alpine Mobile,18,-11.185,1.0,1524.6
2024-09-21T19:51:00,36.482363,138.203945,48.122,UQ Mobile,90,-10.975,1.0,2217.43
2024-09-21T19:54:00,36.480099,138.206115,45.999,Summit LTE,36,-10.759,1.0,2278.01
2024-09-21T19:57:00,36.475566,138.204399,47.928,UQ Mobile,72,-10.537,1.0,2001.35
2024-09-21T20:00:00,36.476675,138.20564,48.277,UQ Mobile,18,-10.311,1.0,2463.13
2024-09-21T20:03:00,36.480811,138.205707,45.418,Summit LTE,18,-10.079,1.0,2155.32
2024-09-21T20:06:00,36.484169,138.20781,46.955,UQ Mobile,36,-9.842,1.0,2416.2
2024-09-21T20:09:00,36.478752,138.200603,50.396,Alpine Mobile,18,-9.6,1.0,1323.25
2024-09-21T20:12:00,36.484533,138.205852,46.327,Alpine Mobile,90,-9.353,1.0,2582.17
2024-09-21T20:15:00,36.47638,138.201943,48.531,Alpine Mobile,36,-9.101,1.0,1987.74
2024-09-21T20:18:00,36.482633,138.20321,47.748,Summit LTE,72,-8.844,1.0,2506.62
2024-09-21T20:21:00,36.475377,138.204732,47.871,UQ Mobile,36,-8.582,1.0,1463.97
2024-09-21T20:24:00,36.476109,138.198506,48.606,Alpine Mobile,18,-8.316,1.0,2312.0
2024-09-21T20:27:00,36.480899,138.198231,45.91,Alpine Mobile,18,-8.044,1.0,1921.97
2024-09-21T20:30:00,36.477122,138.205661,50.536,Alpine Mobile,18,-7.767,1.0,1144.06
2024-09-21T20:33:00,36.477237,138.198359,46.025,Summit LTE,36,-7.486,1.0,2549.42
2024-09-21T20:36:00,36.477398,138.202735,47.674,Summit LTE,72,-7.2,1.0,1956.68
2024-09-21T20:39:00,36.481477,138.202005,47.161,UQ Mobile,90,-6.909,1.0,2339.77
2024-09-21T20:42:00,36.482577,138.198495,50.039,UQ Mobile,90,-6.614,1.0,1612.15
2024-09-21T20:45:00,36.479739,138.198049,48.252,Summit LTE,90,-6.314,1.0,1012.33
2024-09-21T20:48:00,36.477521,138.195998,45.69,Summit LTE,90,-6.01,1.0,1945.53
2024-09-21T20:51:00,36.48285,138.203119,46.008,Alpine Mobile,18,-5.701,1.0,2183.43
2024-09-21T20:54:00,36.482899,138.195106,48.991,Alpine Mobile,18,-5.388,1.0,1899.74
2024-09-21T20:57:00,36.484938,138.201017,46.277,Summit LTE,36,-5.071,1.0,2606.75
2024-09-21T21:00:00,36.475842,138.198278,45.577,Alpine Mobile,72,-4.749,1.0,2145.39
2024-09-21T21:03:00,36.475386,138.202183,48.825,Summit LTE,90,-4.423,1.0,2202.6
2024-09-21T21:06:00,36.475532,138.194662,47.209,UQ Mobile,36,-4.092,1.0,1689.59
2024-09-21T21:09:00,36.483702,138.194527,48.067,UQ Mobile,90,-3.758,1.0,1962.76
2024-09-21T21:12:00,36.479643,138.196059,49.868,Alpine Mobile,36,-3.42,1.0,1814.88
2024-09-21T21:15:00,36.479087,138.197318,49.588,UQ Mobile,90,-3.077,1.0,1095.74
2024-09-21T21:18:00,36.481127,138.199829,48.503,Summit LTE,18,-2.731,1.0,1588.64
2024-09-21T21:21:00,36.475043,138.194801,45.651,Summit LTE,36,-2.38,1.0,1961.4
2024-09-21T21:24:00,36.481478,138.19249,47.485,Alpine Mobile,18,-2.026,1.0,1421.31
2024-09-21T21:27:00,36.483657,138.199048,46.876,Summit LTE,72,-1.668,1.0,1455.06
2024-09-21T21:30:00,36.477855,138.194996,47.946,Alpine Mobile,36,-1.307,1.0,2142.79
2024-09-21T21:33:00,36.482801,138.193651,48.724,Alpine Mobile,36,-0.941,1.0,1117.07
2024-09-21T21:36:00,36.482243,138.197186,47.428,UQ Mobile,72,-0.572,1.0,1402.9
2024-09-21T21:39:00,36.477095,138.191004,47.668,Alpine Mobile,36,-0.2,1.0,1134.57
2024-09-21T21:42:00,36.482638,138.192036,48.423,Summit LTE,72,0.176,0.983,1594.08
2024-09-21T21:45:00,36.483113,138.190202,49.075,Summit LTE,36,0.555,0.947,2103.54
2024-09-21T21:48:00,36.478877,138.193337,49.299,Alpine Mobile,90,0.938,0.911,2460.36
2024-09-21T21:51:00,36.482766,138.192984,50.159,Summit LTE,18,1.323,0.874,2512.56
2024-09-21T21:54:00,36.47604,138.190974,53.303,UQ Mobile,18,1.713,0.837,1387.25
2024-09-21T21:57:00,36.476988,138.193017,51.696,UQ Mobile,72,2.105,0.8,2215.33
2024-09-21T22:00:00,36.482811,138.188219,55.636,UQ Mobile,72,2.5,0.762,1486.01
2024-09-21T22:03:00,36.481227,138.186036,52.988,Alpine Mobile,72,2.898,0.724,2218.69
2024-09-21T22:06:00,36.481389,138.185914,53.705,UQ Mobile,90,3.299,0.686,2310.06
2024-09-21T22:09:00,36.47654,138.192425,54.079,Alpine Mobile,18,3.703,0.647,1954.69
2024-09-21T22:12:00,36.47705,138.186027,58.213,Summit LTE,36,4.11,0.609,1783.92
2024-09-21T22:15:00,36.483524,138.188113,58.429,Alpine Mobile,72,4.52,0.57,2401.26
2024-09-21T22:18:00,36.475681,138.189668,58.494,UQ Mobile,90,4.932,0.53,2388.95
2024-09-21T22:21:00,36.481453,138.186384,59.998,Alpine Mobile,36,5.347,0.491,1221.62
2024-09-21T22:24:00,36.483445,138.183531,60.877,UQ Mobile,90,5.764,0.451,1660.56
2024-09-21T22:27:00,36.48328,138.190251,60.653,UQ Mobile,90,6.184,0.411,2395.45
2024-09-21T22:30:00,36.481413,138.185648,63.391,Summit LTE,90,6.606,0.371,1021.44
2024-09-21T22:33:00,36.480699,138.183341,62.059,UQ Mobile,90,7.03,0.33,2344.07
2024-09-21T22:36:00,36.473634,138.185823,65.291,Alpine Mobile,36,7.457,0.29,1126.16
2024-09-21T22:39:00,36.47883,138.183461,63.599,Alpine Mobile,72,7.886,0.249,2089.61
2024-09-21T22:42:00,36.481006,138.184591,65.669,Alpine Mobile,90,8.317,0.208,1753.84
2024-09-21T22:45:00,36.47873,138.185585,64.704,Summit LTE,72,8.75,0.167,2201.68
2024-09-21T22:48:00,36.480339,138.187907,69.638,Summit LTE,72,9.184,0.125,1839.91
2024-09-21T22:51:00,36.478823,138.183484,69.158,UQ Mobile,72,9.621,0.084,1024.45
2024-09-21T22:54:00,36.482808,138.184124,70.251,Summit LTE,36,10.059,0.042,1053.22
2024-09-21T22:57:00,36.481602,138.183731,69.812,UQ Mobile,36,10.5,0.0,2461.5
2024-09-21T23:00:00,36.481963,138.178919,70.424,Summit LTE,18,10.941,0.0,1785.29
2024-09-21T23:03:00,36.474775,138.183264,69.567,Alpine Mobile,72,11.385,0.0,1777.08
2024-09-21T23:06:00,36.47593,138.185634,70.102,UQ Mobile,18,11.829,0.0,1602.48
2024-09-21T23:09:00,36.477427,138.184144,72.655,UQ Mobile,18,12.276,0.0,2147.02
2024-09-21T23:12:00,36.474424,138.18341,72.857,UQ Mobile,72,12.723,0.0,1486.76
2024-09-21T23:15:00,36.482205,138.17593,73.337,Summit LTE,18,13.172,0.0,2043.2
2024-09-21T23:18:00,36.475206,138.183304,72.947,Summit LTE,36,13.622,0.0,2277.55
2024-09-21T23:21:00,36.478514,138.177442,73.255,Alpine Mobile,90,14.073,0.0,1308.77
2024-09-21T23:24:00,36.477045,138.179624,73.201,Summit LTE,18,14.525,0.0,1445.94
2024-09-21T23:27:00,36.48062,138.175756,72.955,Summit LTE,90,14.978,0.0,1316.27
2024-09-21T23:30:00,36.478036,138.182556,70.692,Summit LTE,72,15.432,0.0,1145.11
2024-09-21T23:33:00,36.481521,138.181834,73.117,Summit LTE,72,15.886,0.0,1766.19
2024-09-21T23:36:00,36.473,138.172492,73.824,Summit LTE,72,16.342,0.0,1091.19
2024-09-21T23:39:00,36.481283,138.171984,72.838,UQ Mobile,72,16.797,0.0,1971.54
2024-09-21T23:42:00,36.477299,138.172571,72.053,Alpine Mobile,90,17.254,0.0,1584.42
2024-09-21T23:45:00,36.477027,138.171875,72.735,Summit LTE,72,17.711,0.0,1817.01
2024-09-21T23:48:00,36.480832,138.173777,71.714,UQ Mobile,18,18.168,0.0,1392.69
2024-09-21T23:51:00,36.476085,138.174757,72.814,Summit LTE,18,18.626,0.0,1297.3
2024-09-21T23:54:00,36.476119,138.172893,74.601,UQ Mobile,72,19.084,0.0,2425.38
2024-09-21T23:57:00,36.474069,138.1781,72.67,UQ Mobile,18,19.542,0.0,2291.24
2024-09-22T00:00:00,36.479873,138.175643,73.906,Summit LTE,72,20.0,0.0,2542.32
2024-09-22T00:03:00,36.476763,138.172789,75.668,Alpine Mobile,90,20.458,0.0,2007.09
2024-09-22T00:06:00,36.477666,138.175446,75.082,Alpine Mobile,36,20.916,0.0,1541.04
2024-09-22T00:09:00,36.479914,138.169387,74.847,Summit LTE,72,21.374,0.0,1041.89
2024-09-22T00:12:00,36.471974,138.171833,73.641,Alpine Mobile,36,21.832,0.0,1849.17
2024-09-22T00:15:00,36.475438,138.171823,74.059,Alpine Mobile,18,22.289,0.0,1644.14
2024-09-22T00:18:00,36.470641,138.176451,77.124,Summit LTE,72,22.746,0.0,1871.18
2024-09-22T00:21:00,36.478579,138.171599,75.904,Alpine Mobile,72,23.203,0.0,2563.39
2024-09-22T00:24:00,36.476622,138.173228,74.233,Summit LTE,18,23.658,0.0,2127.65
2024-09-22T00:27:00,36.4734,138.174684,74.224,UQ Mobile,72,24.114,0.0,1014.91
2024-09-22T00:30:00,36.474762,138.169357,75.356,UQ Mobile,90,24.568,0.0,1159.41
2024-09-22T00:33:00,36.475293,138.173954,77.197,Alpine Mobile,72,25.022,0.0,2403.14
2024-09-22T00:36:00,36.470837,138.169887,75.76,Alpine Mobile,36,25.475,0.0,1515.68
2024-09-22T00:39:00,36.472815,138.173989,77.856,Summit LTE,72,25.927,0.0,1748.63
2024-09-22T00:42:00,36.473746,138.168389,74.984,Alpine Mobile,72,26.378,0.0,2125.74
2024-09-22T00:45:00,36.470299,138.167199,75.761,Alpine Mobile,72,26.828,0.0,2559.69
2024-09-22T00:48:00,36.476164,138.16537,78.774,Summit LTE,18,27.277,0.0,1833.31
2024-09-22T00:51:00,36.470657,138.169678,77.068,Alpine Mobile,90,27.724,0.0,1380.61
2024-09-22T00:54:00,36.475514,138.163274,77.495,UQ Mobile,36,28.171,0.0,1819.96
2024-09-22T00:57:00,36.474324,138.166775,75.931,Alpine Mobile,72,28.615,0.0,2400.54
2024-09-22T01:00:00,36.472359,138.166534,79.054,Summit LTE,72,29.059,0.0,2360.38
2024-09-22T01:03:00,36.476439,138.163334,79.863,UQ Mobile,90,29.5,0.0,2483.71
2024-09-22T01:06:00,36.471251,138.169312,76.996,UQ Mobile,72,29.941,0.0,2600.74
2024-09-22T01:09:00,36.472855,138.170559,77.913,Summit LTE,90,30.379,0.0,2086.06
2024-09-22T01:12:00,36.474027,138.165103,77.031,Alpine Mobile,18,30.816,0.0,1722.03
2024-09-22T01:15:00,36.473031,138.169117,78.118,UQ Mobile,36,31.25,0.0,1966.03
2024-09-22T01:18:00,36.47533,138.160688,78.204,UQ Mobile,72,31.683,0.0,1812.58
2024-09-22T01:21:00,36.467258,138.164859,79.735,Alpine Mobile,36,32.114,0.0,2552.99
2024-09-22T01:24:00,36.474738,138.159834,79.319,Summit LTE,36,32.543,0.0,1463.4
2024-09-22T01:27:00,36.475469,138.165102,77.661,Summit LTE,90,32.97,0.0,2106.85
2024-09-22T01:30:00,36.472604,138.160357,80.372,UQ Mobile,90,33.394,0.0,2423.39
2024-09-22T01:33:00,36.472263,138.160507,78.615,Summit LTE,18,33.816,0.0,2109.87
2024-09-22T01:36:00,36.470215,138.160277,79.581,UQ Mobile,36,34.236,0.0,1258.26
2024-09-22T01:39:00,36.472818,138.166732,79.21,UQ Mobile,72,34.653,0.0,2579.72
2024-09-22T01:42:00,36.470724,138.159624,79.76,Summit LTE,18,35.068,0.0,1539.93
2024-09-22T01:45:00,36.471722,138.166093,79.097,Alpine Mobile,18,35.48,0.0,1419.62
2024-09-22T01:48:00,36.464855,138.160962,78.786,Summit LTE,72,35.89,0.0,1502.97
2024-09-22T01:51:00,36.472748,138.163434,81.552,Alpine Mobile,72,36.297,0.0,2220.75
2024-09-22T01:54:00,36.473218,138.164194,82.851,Summit LTE,36,36.701,0.0,2573.97
2024-09-22T01:57:00,36.466905,138.155556,82.249,Summit LTE,18,37.102,0.0,1894.37
2024-09-22T02:00:00,36.470036,138.157781,79.477,UQ Mobile,18,37.5,0.0,1757.92
2024-09-22T02:03:00,36.464302,138.154477,82.24,UQ Mobile,90,37.895,0.0,1277.42
2024-09-22T02:06:00,36.468662,138.163769,81.276,UQ Mobile,36,38.287,0.0,1380.21
2024-09-22T02:09:00,36.464093,138.155767,81.762,Alpine Mobile,72,38.677,0.0,1234.69
2024-09-22T02:12:00,36.464059,138.155224,80.773,UQ Mobile,72,39.062,0.0,1263.76
2024-09-22T02:15:00,36.464908,138.153442,80.123,Summit LTE,18,39.445,0.0,1688.58
2024-09-22T02:18:00,36.469265,138.157172,81.804,Alpine Mobile,90,39.824,0.0,1212.18
2024-09-22T02:21:00,36.472563,138.154022,81.022,UQ Mobile,18,40.2,0.0,1988.11
2024-09-22T02:24:00,36.462794,138.153491,83.227,Alpine Mobile,90,40.572,0.0,1237.11
2024-09-22T02:27:00,36.464971,138.158666,84.159,Summit LTE,36,40.941,0.0,1781.21
2024-09-22T02:30:00,36.462342,138.159023,82.411,Alpine Mobile,72,41.307,0.0,1781.22
2024-09-22T02:33:00,36.468522,138.160553,82.875,Alpine Mobile,72,41.668,0.0,1549.54
2024-09-22T02:36:00,36.463183,138.15487,83.555,Summit LTE,90,42.026,0.0,1722.86
2024-09-22T02:39:00,36.467298,138.155681,83.101,UQ Mobile,90,42.38,0.0,1183.5
2024-09-22T02:42:00,36.46223,138.153712,81.82,Alpine Mobile,36,42.731,0.0,2495.1
2024-09-22T02:45:00,36.466028,138.153005,84.618,Alpine Mobile,90,43.077,0.0,1957.67
2024-09-22T02:48:00,36.462555,138.149722,81.883,UQ Mobile,36,43.42,0.0,1523.43
2024-09-22T02:51:00,36.468249,138.155114,84.607,UQ Mobile,72,43.758,0.0,2387.8
2024-09-22T02:54:00,36.467378,138.148685,84.009,UQ Mobile,90,44.092,0.0,2214.01
2024-09-22T02:57:00,36.465026,138.156515,85.862,Summit LTE,72,44.423,0.0,1562.69
2024-09-22T03:00:00,36.46489,138.152735,84.883,Alpine Mobile,18,44.749,0.0,2388.31
2024-09-22T03:03:00,36.464532,138.154698,84.526,Alpine Mobile,18,45.071,0.0,1858.04
2024-09-22T03:06:00,36.467679,138.154022,83.373,Alpine Mobile,72,45.388,0.0,2420.08
2024-09-22T03:09:00,36.460751,138.151174,82.619,Alpine Mobile,72,45.701,0.0,2464.26
2024-09-22T03:12:00,36.461315,138.152732,85.132,UQ Mobile,90,46.01,0.0,1771.23
2024-09-22T03:15:00,36.465907,138.155105,83.272,UQ Mobile,36,46.314,0.0,1212.37
2024-09-22T03:18:00,36.466797,138.152647,85.572,Summit LTE,18,46.614,0.0,2272.15
2024-09-22T03:21:00,36.463399,138.147313,85.804,Summit LTE,90,46.909,0.0,1767.4
2024-09-22T03:24:00,36.461407,138.151281,84.061,Alpine Mobile,36,47.2,0.0,2447.97
2024-09-22T03:27:00,36.458615,138.146028,83.41,UQ Mobile,18,47.486,0.0,1161.78
2024-09-22T03:30:00,36.462427,138.151104,87.042,Alpine Mobile,36,47.767,0.0,1268.69
2024-09-22T03:33:00,36.465476,138.146241,85.997,UQ Mobile,90,48.044,0.0,2213.98
2024-09-22T03:36:00,36.463998,138.149442,84.067,UQ Mobile,72,48.316,0.0,2214.93
2024-09-22T03:39:00,36.459011,138.146935,85.233,UQ Mobile,36,48.582,0.0,1029.8
2024-09-22T03:42:00,36.464796,138.14477,84.34,Summit LTE,18,48.844,0.0,1542.74
2024-09-22T03:45:00,36.460454,138.146772,87.214,Alpine Mobile,72,49.101,0.0,1466.71
2024-09-22T03:48:00,36.459127,138.143604,86.836,Summit LTE,72,49.353,0.0,2198.02
2024-09-22T03:51:00,36.465347,138.144459,86.622,UQ Mobile,18,49.6,0.0,2329.95
2024-09-22T03:54:00,36.458414,138.148315,86.347,UQ Mobile,90,49.842,0.0,2036.06
2024-09-22T03:57:00,36.461663,138.148805,84.767,Summit LTE,90,50.079,0.0,1224.14
2024-09-22T04:00:00,36.461552,138.142226,86.075,Summit LTE,18,50.311,0.0,1003.22
2024-09-22T04:03:00,36.457388,138.145423,87.216,Summit LTE,18,50.537,0.0,2079.39
2024-09-22T04:06:00,36.458871,138.14845,85.153,Summit LTE,36,50.759,0.0,2343.44
2024-09-22T04:09:00,36.455672,138.141238,85.285,Alpine Mobile,18,50.975,0.0,1401.67
2024-09-22T04:12:00,36.45373,138.146366,87.235,Summit LTE,90,51.185,0.0,2185.0
2024-09-22T04:15:00,36.460908,138.140844,85.021,Alpine Mobile,18,51.391,0.0,1202.03
2024-09-22T04:18:00,36.461575,138.142535,86.645,Summit LTE,36,51.59,0.0,1872.07
2024-09-22T04:21:00,36.457848,138.141441,87.773,Alpine Mobile,72,51.785,0.0,2331.64
2024-09-22T04:24:00,36.456864,138.143527,85.373,UQ Mobile,18,51.974,0.0,2402.39
2024-09-22T04:27:00,36.459541,138.144513,86.364,Summit LTE,36,52.158,0.0,2293.91
2024-09-22T04:30:00,36.454987,138.141699,86.434,Alpine Mobile,72,52.336,0.0,2123.69
2024-09-22T04:33:00,36.45286,138.147032,89.291,Summit LTE,72,52.508,0.0,1026.39
2024-09-22T04:36:00,36.45606,138.145002,88.907,Summit LTE,36,52.675,0.0,1512.05
2024-09-22T04:39:00,36.456003,138.14565,87.16,UQ Mobile,90,52.837,0.0,1973.04
2024-09-22T04:42:00,36.460611,138.139561,86.424,Alpine Mobile,72,52.992,0.0,1857.21
2024-09-22T04:45:00,36.451578,138.142224,86.887,Alpine Mobile,72,53.143,0.0,2468.76
2024-09-22T04:48:00,36.458266,138.142395,87.748,Alpine Mobile,36,53.287,0.0,1477.47
2024-09-22T04:51:00,36.458938,138.139618,88.559,Summit LTE,36,53.426,0.0,1932.08
2024-09-22T04:54:00,36.458289,138.13725,86.252,UQ Mobile,18,53.559,0.0,2094.55
2024-09-22T04:57:00,36.449522,138.139772,86.612,UQ Mobile,90,53.686,0.0,2301.63
2024-09-22T05:00:00,36.45643,138.145359,89.241,Alpine Mobile,36,53.807,0.0,2361.95
2024-09-22T05:03:00,36.455183,138.136361,86.128,UQ Mobile,36,53.923,0.0,1248.59
2024-09-22T05:06:00,36.454058,138.139732,89.083,Summit LTE,72,54.033,0.0,2570.59
2024-09-22T05:09:00,36.451523,138.140534,87.442,Alpine Mobile,72,54.137,0.0,1437.63
2024-09-22T05:12:00,36.455849,138.143181,89.437,Alpine Mobile,36,54.235,0.0,1674.12
2024-09-22T05:15:00,36.454199,138.14016,89.23,Alpine Mobile,72,54.327,0.0,2329.01
2024-09-22T05:18:00,36.455515,138.134732,88.051,Alpine Mobile,72,54.414,0.0,1040.19
2024-09-22T05:21:00,36.449906,138.140612,89.074,Alpine Mobile,36,54.494,0.0,2442.73
2024-09-22T05:24:00,36.456263,138.138992,86.318,UQ Mobile,18,54.569,0.0,1405.32
2024-09-22T05:27:00,36.447279,138.142945,88.278,Summit LTE,18,54.638,0.0,1167.01
2024-09-22T05:30:00,36.447084,138.135979,87.398,Summit LTE,36,54.701,0.0,2361.16
2024-09-22T05:33:00,36.451749,138.134826,87.187,UQ Mobile,90,54.757,0.0,1352.17
2024-09-22T05:36:00,36.453453,138.135539,90.128,UQ Mobile,72,54.808,0.0,2375.62
2024-09-22T05:39:00,36.452119,138.135819,88.493,Alpine Mobile,90,54.853,0.0,2529.41
2024-09-22T05:42:00,36.450857,138.132636,87.561,Summit LTE,18,54.892,0.0,1630.34
2024-09-22T05:45:00,36.448625,138.138898,88.106,Summit LTE,18,54.925,0.0,2484.79
2024-09-22T05:48:00,36.450666,138.141531,88.097,UQ Mobile,90,54.952,0.0,1501.84
2024-09-22T05:51:00,36.449377,138.136482,87.842,UQ Mobile,18,54.973,0.0,2100.81
2024-09-22T05:54:00,36.449584,138.140976,87.523,UQ Mobile,36,54.988,0.0,2164.37
2024-09-22T05:57:00,36.448265,138.137171,88.953,Alpine Mobile,72,54.997,0.0,2437.83
2024-09-22T06:00:00,36.448472,138.138806,88.316,UQ Mobile,36,55.0,0.0,1783.14
2024-09-22T06:03:00,36.449875,138.13258,87.818,Alpine Mobile,90,54.997,0.0,1856.81
2024-09-22T06:06:00,36.442638,138.137079,89.077,Alpine Mobile,72,54.988,0.0,1876.02
2024-09-22T06:09:00,36.445998,138.13167,89.743,UQ Mobile,36,54.973,0.0,1045.23
2024-09-22T06:12:00,36.443122,138.132753,88.975,UQ Mobile,18,54.952,0.0,1318.07
2024-09-22T06:15:00,36.442452,138.139631,88.336,Alpine Mobile,90,54.925,0.0,1648.6
2024-09-22T06:18:00,36.448807,138.136193,88.051,UQ Mobile,72,54.892,0.0,2490.97
2024-09-22T06:21:00,36.444602,138.132325,87.022,UQ Mobile,18,54.853,0.0,1189.83
2024-09-22T06:24:00,36.443877,138.134951,86.324,Summit LTE,36,54.808,0.0,2590.49
2024-09-22T06:27:00,36.449054,138.129065,89.261,Alpine Mobile,36,54.757,0.0,2320.02
2024-09-22T06:30:00,36.442022,138.137621,89.014,Summit LTE,90,54.701,0.0,1275.97
2024-09-22T06:33:00,36.447118,138.136656,86.401,Alpine Mobile,90,54.638,0.0,1913.59
2024-09-22T06:36:00,36.443885,138.131659,86.337,Summit LTE,90,54.569,0.0,2136.29
2024-09-22T06:39:00,36.443664,138.13669,88.145,Alpine Mobile,18,54.494,0.0,984.22
2024-09-22T06:42:00,36.438349,138.137271,86.142,Alpine Mobile,72,54.414,0.0,2428.09
2024-09-22T06:45:00,36.444062,138.133952,87.377,Summit LTE,72,54.327,0.0,2597.21
2024-09-22T06:48:00,36.440504,138.137238,89.398,Alpine Mobile,18,54.235,0.0,983.9
2024-09-22T06:51:00,36.443485,138.13571,89.069,Summit LTE,36,54.137,0.0,2612.44
2024-09-22T06:54:00,36.440746,138.130502,87.826,Alpine Mobile,72,54.033,0.0,1774.37
2024-09-22T06:57:00,36.437982,138.130794,86.185,Summit LTE,36,53.923,0.0,2085.56
2024-09-22T07:00:00,36.44089,138.132176,87.697,Summit LTE,36,53.807,0.0,1653.1
2024-09-22T07:03:00,36.441881,138.132519,87.074,UQ Mobile,90,53.686,0.0,1410.96
2024-09-22T07:06:00,36.44053,138.131472,88.012,UQ Mobile,18,53.559,0.0,2186.16
2024-09-22T07:09:00,36.444606,138.132068,87.131,UQ Mobile,36,53.426,0.0,1704.8
2024-09-22T07:12:00,36.442472,138.134313,86.128,Summit LTE,90,53.287,0.0,1157.52
2024-09-22T07:15:00,36.439595,138.125916,89.368,Alpine Mobile,90,53.143,0.0,2268.19
2024-09-22T07:18:00,36.440351,138.130238,89.056,Alpine Mobile,18,52.992,0.0,1898.25
2024-09-22T07:21:00,36.438015,138.127532,87.817,Summit LTE,18,52.837,0.0,1535.06
2024-09-22T07:24:00,36.43966,138.132477,89.008,UQ Mobile,72,52.675,0.0,2049.17
2024-09-22T07:27:00,36.438115,138.125617,87.506,Summit LTE,36,52.508,0.0,1825.84
2024-09-22T07:30:00,36.435957,138.130072,87.267,Alpine Mobile,18,52.336,0.0,2138.51
2024-09-22T07:33:00,36.43646,138.124569,88.801,UQ Mobile,72,52.158,0.0,1447.62
2024-09-22T07:36:00,36.440817,138.125615,85.293,Summit LTE,18,51.974,0.0,1336.9
2024-09-22T07:39:00,36.434217,138.131311,85.396,UQ Mobile,18,51.785,0.0,1509.41
2024-09-22T07:42:00,36.43894,138.126315,87.556,Summit LTE,72,51.59,0.0,2058.07
2024-09-22T07:45:00,36.439895,138.129344,88.556,UQ Mobile,90,51.391,0.0,1612.15
2024-09-22T07:48:00,36.430982,138.124275,87.158,Alpine Mobile,90,51.185,0.0,1830.16
2024-09-22T07:51:00,36.438327,138.124718,85.025,UQ Mobile,72,50.975,0.0,2475.43
2024-09-22T07:54:00,36.434304,138.125804,86.859,Summit LTE,90,50.759,0.0,1057.07
2024-09-22T07:57:00,36.43723,138.131946,86.311,Alpine Mobile,36,50.537,0.0,1098.77
2024-09-22T08:00:00,36.432131,138.123008,86.378,Alpine Mobile,36,50.311,0.0,2464.0
2024-09-22T08:03:00,36.43821,138.124976,84.536,UQ Mobile,18,50.079,0.0,2230.04
2024-09-22T08:06:00,36.437589,138.126045,85.485,Summit LTE,90,49.842,0.0,1576.89
2024-09-22T08:09:00,36.432846,138.123396,85.95,UQ Mobile,90,49.6,0.0,2062.57
2024-09-22T08:12:00,36.428706,138.126869,85.722,Summit LTE,18,49.353,0.0,1272.28
2024-09-22T08:15:00,36.430287,138.129799,87.899,Alpine Mobile,18,49.101,0.0,1508.7
2024-09-22T08:18:00,36.427354,138.128883,84.123,Alpine Mobile,90,48.844,0.0,1883.86
2024-09-22T08:21:00,36.436354,138.126906,87.144,Alpine Mobile,72,48.582,0.0,1274.82
2024-09-22T08:24:00,36.432361,138.130202,86.092,UQ Mobile,72,48.316,0.0,1358.45
2024-09-22T08:27:00,36.430599,138.123608,86.942,Summit LTE,72,48.044,0.0,1770.24
2024-09-22T08:30:00,36.427311,138.130324,85.472,UQ Mobile,72,47.767,0.0,1577.98
2024-09-22T08:33:00,36.433517,138.123195,83.517,Alpine Mobile,72,47.486,0.0,2374.46
2024-09-22T08:36:00,36.427219,138.127652,84.105,Alpine Mobile,72,47.2,0.0,1549.46
2024-09-22T08:39:00,36.433125,138.127618,83.348,Alpine Mobile,36,46.909,0.0,1994.64
2024-09-22T08:42:00,36.433178,138.120652,86.572,Summit LTE,90,46.614,0.0,1232.73
2024-09-22T08:45:00,36.425249,138.12772,86.648,Alpine Mobile,18,46.314,0.0,1995.62
2024-09-22T08:48:00,36.429321,138.127236,86.507,UQ Mobile,18,46.01,0.0,2535.32
2024-09-22T08:51:00,36.428622,138.12441,86.424,UQ Mobile,90,45.701,0.0,1548.09
2024-09-22T08:54:00,36.428599,138.11998,86.343,Summit LTE,36,45.388,0.0,2335.43
2024-09-22T08:57:00,36.430674,138.125938,82.502,Summit LTE,72,45.071,0.0,1052.86
2024-09-22T09:00:00,36.425062,138.127709,84.147,UQ Mobile,18,44.749,0.0,1418.41
2024-09-22T09:03:00,36.424242,138.128618,82.982,Alpine Mobile,72,44.423,0.0,1979.63
2024-09-22T09:06:00,36.430263,138.122746,82.96,Summit LTE,90,44.092,0.0,1571.19
2024-09-22T09:09:00,36.422661,138.125386,82.751,UQ Mobile,90,43.758,0.0,1224.3
2024-09-22T09:12:00,36.421929,138.122366,85.49,UQ Mobile,90,43.42,0.0,1243.08
2024-09-22T09:15:00,36.42356,138.120226,83.323,Alpine Mobile,36,43.077,0.0,1808.64
2024-09-22T09:18:00,36.420154,138.124705,82.382,Summit LTE,18,42.731,0.0,1015.68
2024-09-22T09:21:00,36.428539,138.123508,83.954,Summit LTE,36,42.38,0.0,2344.65
2024-09-22T09:24:00,36.421922,138.118879,84.393,Summit LTE,72,42.026,0.0,2255.23
2024-09-22T09:27:00,36.421604,138.125378,83.278,Summit LTE,72,41.668,0.0,2492.64
2024-09-22T09:30:00,36.421572,138.123444,83.183,Alpine Mobile,36,41.307,0.0,1853.66
2024-09-22T09:33:00,36.419441,138.126761,83.997,Summit LTE,72,40.941,0.0,2489.73
2024-09-22T09:36:00,36.420501,138.12206,83.849,Alpine Mobile,18,40.572,0.0,2008.02
2024-09-22T09:39:00,36.421743,138.127609,81.661,Summit LTE,90,40.2,0.0,2315.52
2024-09-22T09:42:00,36.422407,138.120355,83.524,Summit LTE,18,39.824,0.0,1876.51
2024-09-22T09:45:00,36.4204,138.124347,80.926,Summit LTE,18,39.445,0.0,1699.87
2024-09-22T09:48:00,36.416158,138.119879,81.299,UQ Mobile,90,39.062,0.0,1067.65
2024-09-22T09:51:00,36.418361,138.125797,82.247,Alpine Mobile,90,38.677,0.0,1419.81
2024-09-22T09:54:00,36.424912,138.12604,80.315,Alpine Mobile,72,38.287,0.0,2253.38
2024-09-22T09:57:00,36.418954,138.12064,80.393,Summit LTE,18,37.895,0.0,1945.54
2024-09-22T10:00:00,36.420453,138.122208,82.692,Alpine Mobile,18,37.5,0.0,1424.23
2024-09-22T10:03:00,36.417936,138.120104,81.686,Summit LTE,72,37.102,0.0,1407.31
2024-09-22T10:06:00,36.416186,138.124334,79.703,Summit LTE,36,36.701,0.0,1220.19
2024-09-22T10:09:00,36.422104,138.124916,80.87,UQ Mobile,18,36.297,0.0,1652.08
2024-09-22T10:12:00,36.420499,138.11735,80.251,Summit LTE,90,35.89,0.0,2170.45
2024-09-22T10:15:00,36.420958,138.126667,79.553,Alpine Mobile,18,35.48,0.0,2614.17
2024-09-22T10:18:00,36.417379,138.116834,79.894,Summit LTE,18,35.068,0.0,2195.24
2024-09-22T10:21:00,36.414718,138.125925,81.723,Summit LTE,72,34.653,0.0,1072.34
2024-09-22T10:24:00,36.411857,138.1252,79.852,Alpine Mobile,90,34.236,0.0,1588.86
2024-09-22T10:27:00,36.418127,138.121274,78.973,Summit LTE,36,33.816,0.0,1196.92
2024-09-22T10:30:00,36.415601,138.121836,81.419,Summit LTE,72,33.394,0.0,2410.81
2024-09-22T10:33:00,36.413467,138.119644,80.87,UQ Mobile,90,32.97,0.0,2175.23
2024-09-22T10:36:00,36.410109,138.122014,79.517,UQ Mobile,90,32.543,0.0,1485.81
2024-09-22T10:39:00,36.416133,138.116394,80.602,UQ Mobile,90,32.114,0.0,1232.92
2024-09-22T10:42:00,36.414682,138.123031,79.128,Summit LTE,90,31.683,0.0,1687.85
2024-09-22T10:45:00,36.417557,138.122897,80.15,UQ Mobile,72,31.25,0.0,2460.42
2024-09-22T10:48:00,36.408365,138.124816,78.898,Alpine Mobile,90,30.816,0.0,1645.56
2024-09-22T10:51:00,36.408523,138.125841,77.1,Summit LTE,36,30.379,0.0,1776.73
2024-09-22T10:54:00,36.412348,138.1222,79.933,Alpine Mobile,90,29.941,0.0,1372.06
2024-09-22T10:57:00,36.409597,138.124203,76.934,Summit LTE,72,29.5,0.0,2516.44
2024-09-22T11:00:00,36.410885,138.116808,79.521,UQ Mobile,90,29.059,0.0,2270.34
2024-09-22T11:03:00,36.410046,138.117797,77.393,Summit LTE,90,28.615,0.0,1465.79
2024-09-22T11:06:00,36.40752,138.124241,75.802,Summit LTE,18,28.171,0.0,1738.68
2024-09-22T11:09:00,36.41102,138.118412,78.679,Alpine Mobile,72,27.724,0.0,2004.61
2024-09-22T11:12:00,36.409307,138.123825,78.198,UQ Mobile,72,27.277,0.0,2550.71
2024-09-22T11:15:00,36.410724,138.122608,75.706,Alpine Mobile,90,26.828,0.0,2031.07
2024-09-22T11:18:00,36.40485,138.124553,77.331,Alpine Mobile,36,26.378,0.0,2382.5
2024-09-22T11:21:00,36.412948,138.122161,75.519,UQ Mobile,72,25.927,0.0,978.67
2024-09-22T11:24:00,36.404551,138.123776,78.159,Summit LTE,36,25.475,0.0,2608.99
2024-09-22T11:27:00,36.407411,138.123341,77.264,UQ Mobile,90,25.022,0.0,1247.92
2024-09-22T11:30:00,36.404347,138.11705,74.288,Summit LTE,90,24.568,0.0,1009.24
2024-09-22T11:33:00,36.411205,138.124444,76.257,Alpine Mobile,90,24.114,0.0,1135.6
2024-09-22T11:36:00,36.409697,138.120739,74.214,Alpine Mobile,90,23.658,0.0,1409.15
2024-09-22T11:39:00,36.403108,138.123644,76.704,UQ Mobile,18,23.203,0.0,2338.41
2024-09-22T11:42:00,36.403651,138.120426,76.053,UQ Mobile,18,22.746,0.0,1689.48
2024-09-22T11:45:00,36.401814,138.115934,76.722,UQ Mobile,36,22.289,0.0,2044.88
2024-09-22T11:48:00,36.404973,138.11777,75.19,UQ Mobile,72,21.832,0.0,2242.61
2024-09-22T11:51:00,36.409472,138.117319,74.244,UQ Mobile,90,21.374,0.0,2403.79
2024-09-22T11:54:00,36.400926,138.120814,76.33,Alpine Mobile,18,20.916,0.0,2256.89
2024-09-22T11:57:00,36.406702,138.12264,73.767,Summit LTE,90,20.458,0.0,1258.25
2024-09-22T12:00:00,36.40244,138.124812,75.852,Alpine Mobile,72,20.0,0.0,2041.07
2024-09-22T12:03:00,36.400276,138.115491,75.954,Summit LTE,90,19.542,0.0,2247.26
2024-09-22T12:06:00,36.407258,138.118909,74.024,UQ Mobile,18,19.084,0.0,1290.16
2024-09-22T12:09:00,36.39994,138.117661,74.885,UQ Mobile,36,18.626,0.0,2613.19
2024-09-22T12:12:00,36.405016,138.123586,71.895,Summit LTE,72,18.168,0.0,2033.0
2024-09-22T12:15:00,36.402328,138.119792,73.918,UQ Mobile,36,17.711,0.0,2127.76
2024-09-22T12:18:00,36.403976,138.121573,72.341,Summit LTE,72,17.254,0.0,1901.3
2024-09-22T12:21:00,36.403149,138.117321,71.633,Summit LTE,36,16.797,0.0,2288.43
2024-09-22T12:24:00,36.397372,138.119163,70.943,Alpine Mobile,18,16.342,0.0,1210.32
2024-09-22T12:27:00,36.39691,138.118919,73.442,UQ Mobile,72,15.886,0.0,2027.6
2024-09-22T12:30:00,36.400743,138.121475,72.688,UQ Mobile,36,15.432,0.0,2356.8
2024-09-22T12:33:00,36.395654,138.122128,73.303,Summit LTE,36,14.978,0.0,1369.58
2024-09-22T12:36:00,36.401296,138.123538,70.734,Summit LTE,18,14.525,0.0,2001.24
2024-09-22T12:39:00,36.39757,138.115777,72.299,Summit LTE,72,14.073,0.0,2523.79
2024-09-22T12:42:00,36.394777,138.121281,73.617,Alpine Mobile,90,13.622,0.0,2230.02
2024-09-22T12:45:00,36.395573,138.120593,72.573,Summit LTE,36,13.172,0.0,1033.06
2024-09-22T12:48:00,36.396674,138.11561,71.739,Summit LTE,72,12.723,0.0,2198.85
2024-09-22T12:51:00,36.392532,138.124207,70.318,Summit LTE,36,12.276,0.0,2389.81
2024-09-22T12:54:00,36.39949,138.122728,70.575,Summit LTE,18,11.829,0.0,2099.2
2024-09-22T12:57:00,36.397353,138.121296,70.71,Alpine Mobile,36,11.385,0.0,1646.39
2024-09-22T13:00:00,36.394273,138.124797,69.666,Alpine Mobile,36,10.941,0.0,1418.25
2024-09-22T13:03:00,36.391432,138.116361,69.622,Summit LTE,90,10.5,0.0,1758.4
2024-09-22T13:06:00,36.393925,138.118804,67.984,Alpine Mobile,72,10.059,0.042,1453.28
2024-09-22T13:09:00,36.39391,138.116043,67.144,Summit LTE,36,9.621,0.084,2305.38
2024-09-22T13:12:00,36.389104,138.119241,68.938,UQ Mobile,36,9.184,0.125,2558.45
2024-09-22T13:15:00,36.39682,138.123884,67.43,UQ Mobile,36,8.75,0.167,2226.34
2024-09-22T13:18:00,36.395271,138.118145,67.553,Summit LTE,90,8.317,0.208,1729.95
2024-09-22T13:21:00,36.39668,138.124064,65.008,Summit LTE,72,7.886,0.249,1614.75
2024-09-22T13:24:00,36.387264,138.121081,66.057,Alpine Mobile,18,7.457,0.29,1624.23
2024-09-22T13:27:00,36.388135,138.117325,63.819,Alpine Mobile,90,7.03,0.33,1339.71
2024-09-22T13:30:00,36.395167,138.120373,61.564,UQ Mobile,18,6.606,0.371,1814.56
2024-09-22T13:33:00,36.392906,138.118496,61.149,Alpine Mobile,36,6.184,0.411,1084.26
2024-09-22T13:36:00,36.394283,138.116247,62.188,Alpine Mobile,36,5.764,0.451,1502.6
2024-09-22T13:39:00,36.391778,138.123005,57.515,Alpine Mobile,18,5.347,0.491,1753.78
2024-09-22T13:42:00,36.3868,138.120774,59.919,Alpine Mobile,72,4.932,0.53,1369.76
2024-09-22T13:45:00,36.38789,138.117891,57.834,Summit LTE,36,4.52,0.57,2522.31
2024-09-22T13:48:00,36.384573,138.125007,56.199,Alpine Mobile,90,4.11,0.609,1293.77
2024-09-22T13:51:00,36.386112,138.120002,55.572,Alpine Mobile,18,3.703,0.647,1203.48
2024-09-22T13:54:00,36.390641,138.116684,53.043,Summit LTE,18,3.299,0.686,1835.48
2024-09-22T13:57:00,36.387201,138.124226,55.701,Alpine Mobile,90,2.898,0.724,1727.57
2024-09-22T14:00:00,36.385691,138.12421,53.886,UQ Mobile,18,2.5,0.762,2490.7
2024-09-22T14:03:00,36.387315,138.121427,50.223,UQ Mobile,36,2.105,0.8,2264.33
2024-09-22T14:06:00,36.385492,138.123904,54.368,UQ Mobile,18,1.713,0.837,1368.23
2024-09-22T14:09:00,36.383614,138.119413,53.082,Summit LTE,72,1.323,0.874,1078.12
2024-09-22T14:12:00,36.387804,138.117712,51.848,Alpine Mobile,36,0.938,0.911,1305.72
2024-09-22T14:15:00,36.388296,138.120134,49.065,UQ Mobile,72,0.555,0.947,2573.71
2024-09-22T14:18:00,36.388576,138.121781,49.644,UQ Mobile,36,0.176,0.983,1394.03
2024-09-22T14:21:00,36.385468,138.121587,45.474,UQ Mobile,18,-0.2,1.0,2590.24
2024-09-22T14:24:00,36.380903,138.123254,49.059,Summit LTE,72,-0.572,1.0,2134.52
2024-09-22T14:27:00,36.388136,138.125142,49.365,Alpine Mobile,18,-0.941,1.0,1007.77
2024-09-22T14:30:00,36.380938,138.120543,48.118,Alpine Mobile,18,-1.307,1.0,1547.61
2024-09-22T14:33:00,36.381016,138.119508,47.089,UQ Mobile,72,-1.668,1.0,2201.5
2024-09-22T14:36:00,36.38292,138.120302,47.151,UQ Mobile,72,-2.026,1.0,2050.32
2024-09-22T14:39:00,36.386183,138.123083,47.661,Summit LTE,90,-2.38,1.0,1722.11
2024-09-22T14:42:00,36.379966,138.123961,49.051,Summit LTE,72,-2.731,1.0,1522.99
2024-09-22T14:45:00,36.385564,138.118254,49.757,UQ Mobile,90,-3.077,1.0,1352.06
2024-09-22T14:48:00,36.385145,138.118577,48.163,Alpine Mobile,90,-3.42,1.0,1611.04
2024-09-22T14:51:00,36.378759,138.120706,48.576,UQ Mobile,90,-3.758,1.0,2203.9
2024-09-22T14:54:00,36.381783,138.118494,50.887,UQ Mobile,18,-4.092,1.0,1394.19
2024-09-22T14:57:00,36.383432,138.121404,46.542,Alpine Mobile,90,-4.423,1.0,1594.91
2024-09-22T15:00:00,36.383915,138.1214,48.371,Alpine Mobile,36,-4.749,1.0,1279.72
2024-09-22T15:03:00,36.380089,138.123318,51.276,UQ Mobile,18,-5.071,1.0,982.55
2024-09-22T15:06:00,36.376538,138.126851,47.101,UQ Mobile,18,-5.388,1.0,2192.16
2024-09-22T15:09:00,36.380392,138.119304,48.817,Summit LTE,36,-5.701,1.0,1696.39
2024-09-22T15:12:00,36.37797,138.118485,50.51,UQ Mobile,90,-6.01,1.0,1356.53
2024-09-22T15:15:00,36.380997,138.121013,48.391,Alpine Mobile,90,-6.314,1.0,1994.7
2024-09-22T15:18:00,36.376496,138.126578,47.253,Alpine Mobile,90,-6.614,1.0,2621.91
2024-09-22T15:21:00,36.376464,138.126886,49.83,Alpine Mobile,36,-6.909,1.0,1859.71
2024-09-22T15:24:00,36.374368,138.122311,49.228,UQ Mobile,72,-7.2,1.0,1398.19
2024-09-22T15:27:00,36.380869,138.121121,49.468,UQ Mobile,72,-7.486,1.0,1965.32
2024-09-22T15:30:00,36.379489,138.126895,48.559,Alpine Mobile,18,-7.767,1.0,1601.95
2024-09-22T15:33:00,36.373705,138.126349,45.991,Summit LTE,18,-8.044,1.0,2309.54
2024-09-22T15:36:00,36.374703,138.124544,48.211,Alpine Mobile,90,-8.316,1.0,2144.52
2024-09-22T15:39:00,36.370625,138.125857,49.991,Alpine Mobile,18,-8.582,1.0,1273.83
2024-09-22T15:42:00,36.370319,138.128791,50.167,Alpine Mobile,18,-8.844,1.0,1185.24
2024-09-22T15:45:00,36.372796,138.12613,47.41,Summit LTE,90,-9.101,1.0,1589.7
2024-09-22T15:48:00,36.377603,138.128183,49.742,Summit LTE,90,-9.353,1.0,1822.08
2024-09-22T15:51:00,36.37732,138.120107,47.861,Summit LTE,72,-9.6,1.0,1474.45
2024-09-22T15:54:00,36.372491,138.119894,48.934,Alpine Mobile,36,-9.842,1.0,1563.21
2024-09-22T15:57:00,36.369928,138.122903,46.663,Summit LTE,72,-10.079,1.0,2115.35
2024-09-22T16:00:00,36.375348,138.127564,49.759,Alpine Mobile,18,-10.311,1.0,1669.97
2024-09-22T16:03:00,36.374239,138.124869,46.999,Summit LTE,90,-10.537,1.0,1622.13
2024-09-22T16:06:00,36.370573,138.129677,47.485,Summit LTE,18,-10.759,1.0,1482.71
2024-09-22T16:09:00,36.368636,138.12771,49.07,Summit LTE,18,-10.975,1.0,2171.16
2024-09-22T16:12:00,36.366728,138.121075,49.951,Alpine Mobile,90,-11.185,1.0,1243.08
2024-09-22T16:15:00,36.367818,138.125821,47.422,Alpine Mobile,90,-11.391,1.0,2279.1
2024-09-22T16:18:00,36.367024,138.125192,47.095,Alpine Mobile,90,-11.59,1.0,2298.06
2024-09-22T16:21:00,36.371997,138.130873,48.414,Alpine Mobile,90,-11.785,1.0,2234.89
2024-09-22T16:24:00,36.369571,138.126653,45.594,UQ Mobile,36,-11.974,1.0,2199.0
2024-09-22T16:27:00,36.364134,138.123045,47.964,Alpine Mobile,90,-12.158,1.0,1379.42
2024-09-22T16:30:00,36.369015,138.129049,47.991,UQ Mobile,72,-12.336,1.0,2275.42
2024-09-22T16:33:00,36.365859,138.123609,47.676,Alpine Mobile,72,-12.508,1.0,2515.51
2024-09-22T16:36:00,36.366533,138.124434,45.668,Summit LTE,90,-12.675,1.0,1989.52
2024-09-22T16:39:00,36.364848,138.123048,47.899,UQ Mobile,18,-12.837,1.0,1409.12
2024-09-22T16:42:00,36.36628,138.126749,47.299,UQ Mobile,72,-12.992,1.0,2382.55
2024-09-22T16:45:00,36.362944,138.125197,48.026,Summit LTE,90,-13.143,1.0,1896.8
2024-09-22T16:48:00,36.36575,138.124518,48.843,Alpine Mobile,18,-13.287,1.0,1710.29
2024-09-22T16:51:00,36.364313,138.124644,49.545,Alpine Mobile,18,-13.426,1.0,1726.21
2024-09-22T16:54:00,36.36278,138.129803,51.875,Summit LTE,90,-13.559,1.0,1035.38
2024-09-22T16:57:00,36.362503,138.124033,48.746,Alpine Mobile,90,-13.686,1.0,1898.86
2024-09-22T17:00:00,36.363575,138.126971,46.994,Summit LTE,90,-13.807,1.0,1615.9
2024-09-22T17:03:00,36.36042,138.127485,46.895,UQ Mobile,90,-13.923,1.0,2362.77
2024-09-22T17:06:00,36.365771,138.125945,45.713,Alpine Mobile,36,-14.033,1.0,1987.54
2024-09-22T17:09:00,36.368343,138.125548,47.403,UQ Mobile,18,-14.137,1.0,1386.66
2024-09-22T17:12:00,36.36753,138.131966,45.386,Alpine Mobile,72,-14.235,1.0,2274.52
2024-09-22T17:15:00,36.367777,138.131986,46.204,Alpine Mobile,18,-14.327,1.0,2400.58
2024-09-22T17:18:00,36.363855,138.134168,49.367,UQ Mobile,72,-14.414,1.0,1698.85
2024-09-22T17:21:00,36.361064,138.134423,46.246,Alpine Mobile,90,-14.494,1.0,1899.22
2024-09-22T17:24:00,36.362115,138.131192,47.375,Summit LTE,18,-14.569,1.0,2525.56
2024-09-22T17:27:00,36.365899,138.12845,46.963,Alpine Mobile,90,-14.638,1.0,2404.73
2024-09-22T17:30:00,36.361891,138.127751,49.656,UQ Mobile,90,-14.701,1.0,1653.38
2024-09-22T17:33:00,36.360416,138.129775,50.847,Summit LTE,18,-14.757,1.0,1316.82
2024-09-22T17:36:00,36.360612,138.125909,47.491,UQ Mobile,36,-14.808,1.0,1332.94
2024-09-22T17:39:00,36.356818,138.1301,48.678,Summit LTE,36,-14.853,1.0,1049.59
2024-09-22T17:42:00,36.358542,138.134412,50.17,UQ Mobile,36,-14.892,1.0,1570.93
2024-09-22T17:45:00,36.356592,138.128454,46.233,Summit LTE,90,-14.925,1.0,2526.05
2024-09-22T17:48:00,36.355293,138.128569,47.523,UQ Mobile,90,-14.952,1.0,1593.9
2024-09-22T17:51:00,36.355835,138.128138,47.994,Summit LTE,36,-14.973,1.0,1602.36
2024-09-22T17:54:00,36.355626,138.130255,46.34,UQ Mobile,90,-14.988,1.0,2118.01
2024-09-22T17:57:00,36.359936,138.129462,48.411,Alpine Mobile,36,-14.997,1.0,2188.3
2024-09-22T18:00:00,36.360296,138.134676,50.987,Summit LTE,72,-15.0,1.0,1167.48
2024-09-22T18:03:00,36.357104,138.127451,48.818,UQ Mobile,90,-14.997,1.0,1035.0
2024-09-22T18:06:00,36.360347,138.137171,49.049,UQ Mobile,18,-14.988,1.0,2157.33
2024-09-22T18:09:00,36.360665,138.131244,46.593,Alpine Mobile,18,-14.973,1.0,2433.97
2024-09-22T18:12:00,36.358752,138.130293,46.199,Summit LTE,72,-14.952,1.0,2083.22
2024-09-22T18:15:00,36.352661,138.130583,49.561,Summit LTE,90,-14.925,1.0,1723.59
2024-09-22T18:18:00,36.358577,138.134904,51.146,Summit LTE,90,-14.892,1.0,1167.95
2024-09-22T18:21:00,36.357088,138.132439,46.975,Alpine Mobile,72,-14.853,1.0,2458.17
2024-09-22T18:24:00,36.356227,138.135516,48.809,UQ Mobile,18,-14.808,1.0,1407.73
2024-09-22T18:27:00,36.354385,138.133773,47.539,Summit LTE,90,-14.757,1.0,1199.49
2024-09-22T18:30:00,36.352301,138.137949,45.891,UQ Mobile,90,-14.701,1.0,2170.23
2024-09-22T18:33:00,36.356875,138.132864,47.639,Alpine Mobile,18,-14.638,1.0,1316.63
2024-09-22T18:36:00,36.357511,138.139631,47.473,Alpine Mobile,18,-14.569,1.0,2215.61
2024-09-22T18:39:00,36.352283,138.13195,50.117,Summit LTE,36,-14.494,1.0,1727.45
2024-09-22T18:42:00,36.353313,138.13696,48.104,UQ Mobile,72,-14.414,1.0,2363.33
2024-09-22T18:45:00,36.354909,138.136806,50.258,Alpine Mobile,72,-14.327,1.0,1356.94
2024-09-22T18:48:00,36.352317,138.133696,47.161,Summit LTE,18,-14.235,1.0,2051.31
2024-09-22T18:51:00,36.347542,138.139521,47.657,UQ Mobile,36,-14.137,1.0,2518.97
2024-09-22T18:54:00,36.352854,138.139142,47.375,Alpine Mobile,36,-14.033,1.0,2535.16
2024-09-22T18:57:00,36.348478,138.133549,46.59,Summit LTE,36,-13.923,1.0,1963.11
2024-09-22T19:00:00,36.355714,138.132003,50.326,Summit LTE,90,-13.807,1.0,1597.87
2024-09-22T19:03:00,36.355185,138.141402,49.359,Summit LTE,18,-13.686,1.0,1428.08
2024-09-22T19:06:00,36.345878,138.136959,45.699,Summit LTE,36,-13.559,1.0,2247.0
2024-09-22T19:09:00,36.345674,138.138205,49.982,Alpine Mobile,72,-13.426,1.0,1596.28
2024-09-22T19:12:00,36.351821,138.133427,46.804,Alpine Mobile,72,-13.287,1.0,1920.12
2024-09-22T19:15:00,36.347481,138.140374,46.466,UQ Mobile,18,-13.143,1.0,2288.67
2024-09-22T19:18:00,36.348561,138.134565,48.548,UQ Mobile,90,-12.992,1.0,1923.31
2024-09-22T19:21:00,36.352165,138.136511,47.311,Alpine Mobile,18,-12.837,1.0,1755.1
2024-09-22T19:24:00,36.346457,138.136365,47.397,UQ Mobile,72,-12.675,1.0,1890.93
2024-09-22T19:27:00,36.344218,138.141952,49.622,Summit LTE,72,-12.508,1.0,1590.01
2024-09-22T19:30:00,36.350135,138.142714,46.914,UQ Mobile,90,-12.336,1.0,2415.2
2024-09-22T19:33:00,36.346197,138.144241,49.055,Alpine Mobile,72,-12.158,1.0,1373.85
2024-09-22T19:36:00,36.351472,138.144139,49.688,Alpine Mobile,72,-11.974,1.0,1669.93
2024-09-22T19:39:00,36.345996,138.140766,49.099,Alpine Mobile,90,-11.785,1.0,1526.6
2024-09-22T19:42:00,36.35089,138.136871,48.436,UQ Mobile,90,-11.59,1.0,1021.27
2024-09-22T19:45:00,36.34451,138.14134,46.459,Alpine Mobile,18,-11.391,1.0,2575.35
2024-09-22T19:48:00,36.347472,138.144248,45.509,Alpine Mobile,36,-11.185,1.0,2008.51
2024-09-22T19:51:00,36.348389,138.143996,49.92,Summit LTE,36,-10.975,1.0,1718.72
2024-09-22T19:54:00,36.348703,138.141311,49.755,UQ Mobile,36,-10.759,1.0,1272.57
2024-09-22T19:57:00,36.342041,138.142453,48.568,Summit LTE,90,-10.537,1.0,1665.65
2024-09-22T20:00:00,36.347539,138.141516,49.604,Summit LTE,90,-10.311,1.0,1563.35
2024-09-22T20:03:00,36.343378,138.142465,47.252,UQ Mobile,72,-10.079,1.0,2398.68
2024-09-22T20:06:00,36.346979,138.143368,49.287,Summit LTE,90,-9.842,1.0,1236.47
2024-09-22T20:09:00,36.344243,138.138991,49.015,Alpine Mobile,90,-9.6,1.0,1933.33
2024-09-22T20:12:00,36.344978,138.146677,45.083,Summit LTE,18,-9.353,1.0,2561.0
2024-09-22T20:15:00,36.342647,138.147737,49.445,UQ Mobile,18,-9.101,1.0,1866.95
2024-09-22T20:18:00,36.346281,138.146399,49.33,Alpine Mobile,18,-8.844,1.0,1186.45
2024-09-22T20:21:00,36.342324,138.147106,47.877,UQ Mobile,36,-8.582,1.0,2053.55
2024-09-22T20:24:00,36.339034,138.145158,45.882,UQ Mobile,72,-8.316,1.0,2536.1
2024-09-22T20:27:00,36.339656,138.144864,47.05,Summit LTE,72,-8.044,1.0,1838.71
2024-09-22T20:30:00,36.342488,138.146478,50.052,UQ Mobile,72,-7.767,1.0,1372.12
2024-09-22T20:33:00,36.338716,138.143412,46.875,UQ Mobile,90,-7.486,1.0,1955.12
2024-09-22T20:36:00,36.345304,138.145524,48.139,UQ Mobile,18,-7.2,1.0,2006.1
2024-09-22T20:39:00,36.346087,138.148317,46.076,UQ Mobile,36,-6.909,1.0,2373.11
2024-09-22T20:42:00,36.342526,138.147817,44.603,Alpine Mobile,90,-6.614,1.0,2396.46
2024-09-22T20:45:00,36.344573,138.142808,50.017,Alpine Mobile,36,-6.314,1.0,1723.79
2024-09-22T20:48:00,36.338564,138.147392,48.101,UQ Mobile,72,-6.01,1.0,1918.04
2024-09-22T20:51:00,36.337097,138.151282,48.457,UQ Mobile,36,-5.701,1.0,1523.21
2024-09-22T20:54:00,36.34491,138.143812,49.809,Alpine Mobile,72,-5.388,1.0,1383.08
2024-09-22T20:57:00,36.33517,138.143016,50.197,UQ Mobile,72,-5.071,1.0,1679.98
2024-09-22T21:00:00,36.338669,138.150612,48.617,Alpine Mobile,90,-4.749,1.0,1151.52
2024-09-22T21:03:00,36.341573,138.152072,49.553,UQ Mobile,36,-4.423,1.0,1181.9
2024-09-22T21:06:00,36.335666,138.148255,50.487,UQ Mobile,36,-4.092,1.0,1433.73
2024-09-22T21:09:00,36.342662,138.150369,47.689,UQ Mobile,72,-3.758,1.0,1925.17
2024-09-22T21:12:00,36.34326,138.149438,46.085,Alpine Mobile,36,-3.42,1.0,2092.64
2024-09-22T21:15:00,36.334981,138.153194,49.775,UQ Mobile,36,-3.077,1.0,999.65
2024-09-22T21:18:00,36.339607,138.153459,44.51,Summit LTE,18,-2.731,1.0,2598.67
2024-09-22T21:21:00,36.335527,138.150756,47.962,UQ Mobile,72,-2.38,1.0,1864.63
2024-09-22T21:24:00,36.341384,138.15439,46.013,Alpine Mobile,90,-2.026,1.0,2303.22
2024-09-22T21:27:00,36.336615,138.153734,50.507,Summit LTE,36,-1.668,1.0,1596.62
2024-09-22T21:30:00,36.340427,138.152352,48.994,Alpine Mobile,36,-1.307,1.0,1773.88
2024-09-22T21:33:00,36.339955,138.154485,46.203,Alpine Mobile,18,-0.941,1.0,1847.5
2024-09-22T21:36:00,36.334131,138.147983,48.081,UQ Mobile,18,-0.572,1.0,2526.12
2024-09-22T21:39:00,36.336676,138.154775,49.256,UQ Mobile,90,-0.2,1.0,1126.43
2024-09-22T21:42:00,36.334384,138.156709,49.13,Summit LTE,18,0.176,0.983,1947.66
2024-09-22T21:45:00,36.337482,138.15222,46.064,UQ Mobile,36,0.555,0.947,2381.45
2024-09-22T21:48:00,36.333704,138.149569,47.337,Summit LTE,90,0.938,0.911,2193.63
2024-09-22T21:51:00,36.334529,138.155223,51.795,Alpine Mobile,18,1.323,0.874,1196.67
2024-09-22T21:54:00,36.339672,138.150312,52.879,Summit LTE,36,1.713,0.837,985.13
2024-09-22T21:57:00,36.333537,138.158669,51.139,Summit LTE,36,2.105,0.8,1749.23
2024-09-22T22:00:00,36.331818,138.15151,51.807,Alpine Mobile,36,2.5,0.762,2598.64
2024-09-22T22:03:00,36.335915,138.155674,54.638,Summit LTE,72,2.898,0.724,1664.41
2024-09-22T22:06:00,36.333577,138.150687,56.599,Summit LTE,36,3.299,0.686,1497.43
2024-09-22T22:09:00,36.332283,138.154277,55.63,UQ Mobile,36,3.703,0.647,2353.36
2024-09-22T22:12:00,36.336744,138.153369,57.977,UQ Mobile,72,4.11,0.609,1184.24
2024-09-22T22:15:00,36.336965,138.151215,58.688,UQ Mobile,90,4.52,0.57,2293.41
2024-09-22T22:18:00,36.331794,138.160746,59.189,UQ Mobile,72,4.932,0.53,1035.72
2024-09-22T22:21:00,36.329065,138.15181,58.02,UQ Mobile,90,5.347,0.491,2299.52
2024-09-22T22:24:00,36.335046,138.157099,59.203,Summit LTE,36,5.764,0.451,2247.64
2024-09-22T22:27:00,36.33176,138.153048,59.856,Alpine Mobile,90,6.184,0.411,1339.56
2024-09-22T22:30:00,36.333974,138.159661,61.47,UQ Mobile,72,6.606,0.371,1283.78
2024-09-22T22:33:00,36.32792,138.158329,65.282,Summit LTE,90,7.03,0.33,1348.45
2024-09-22T22:36:00,36.329992,138.162633,63.538,Summit LTE,18,7.457,0.29,1015.35
2024-09-22T22:39:00,36.328236,138.153743,63.104,Alpine Mobile,72,7.886,0.249,1898.44
2024-09-22T22:42:00,36.328571,138.155242,65.969,Alpine Mobile,90,8.317,0.208,1023.7
2024-09-22T22:45:00,36.33311,138.162429,68.079,UQ Mobile,36,8.75,0.167,1648.8
2024-09-22T22:48:00,36.328113,138.156704,65.885,Summit LTE,90,9.184,0.125,1755.34
2024-09-22T22:51:00,36.335063,138.160072,69.726,Summit LTE,72,9.621,0.084,2212.2
2024-09-22T22:54:00,36.329221,138.158492,70.767,Summit LTE,36,10.059,0.042,2544.03
2024-09-22T22:57:00,36.330895,138.159993,72.113,Alpine Mobile,90,10.5,0.0,2126.47
2024-09-22T23:00:00,36.331934,138.162033,70.92,Alpine Mobile,18,10.941,0.0,2148.36
2024-09-22T23:03:00,36.328803,138.164021,71.247,Alpine Mobile,72,11.385,0.0,1435.02
2024-09-22T23:06:00,36.330869,138.15974,72.566,Alpine Mobile,90,11.829,0.0,1394.09
2024-09-22T23:09:00,36.327569,138.16548,71.489,Alpine Mobile,36,12.276,0.0,2443.63
2024-09-22T23:12:00,36.332458,138.164217,69.674,Summit LTE,36,12.723,0.0,1266.02
2024-09-22T23:15:00,36.330693,138.16744,71.046,Summit LTE,90,13.172,0.0,1297.42
2024-09-22T23:18:00,36.334124,138.161619,73.051,Summit LTE,18,13.622,0.0,1014.54
2024-09-22T23:21:00,36.331313,138.15859,73.488,Alpine Mobile,18,14.073,0.0,1862.72
2024-09-22T23:24:00,36.331354,138.159974,73.067,UQ Mobile,36,14.525,0.0,1068.39
2024-09-22T23:27:00,36.324765,138.16327,71.418,Alpine Mobile,72,14.978,0.0,1988.05
2024-09-22T23:30:00,36.324415,138.167427,72.015,Summit LTE,36,15.432,0.0,2267.76
2024-09-22T23:33:00,36.330867,138.16247,72.024,Summit LTE,90,15.886,0.0,1998.19
2024-09-22T23:36:00,36.330753,138.163601,71.369,Alpine Mobile,72,16.342,0.0,2574.18
2024-09-22T23:39:00,36.331131,138.17007,74.014,Summit LTE,72,16.797,0.0,2376.02
2024-09-22T23:42:00,36.329286,138.168269,73.285,Summit LTE,72,17.254,0.0,1286.49
2024-09-22T23:45:00,36.325401,138.169255,75.255,Alpine Mobile,90,17.711,0.0,2437.17
2024-09-22T23:48:00,36.326083,138.162264,74.55,UQ Mobile,36,18.168,0.0,2602.57
2024-09-22T23:51:00,36.328151,138.166486,75.495,Alpine Mobile,18,18.626,0.0,1592.34
2024-09-22T23:54:00,36.330715,138.166481,75.742,Summit LTE,18,19.084,0.0,2186.48
2024-09-22T23:57:00,36.331323,138.16617,74.191,Alpine Mobile,72,19.542,0.0,2177.6
2024-09-23T00:00:00,36.329346,138.171902,76.108,UQ Mobile,36,20.0,0.0,2287.13
2024-09-23T00:03:00,36.326507,138.166363,73.697,Summit LTE,18,20.458,0.0,1905.09
2024-09-23T00:06:00,36.328409,138.171086,76.273,Alpine Mobile,36,20.916,0.0,2477.07
2024-09-23T00:09:00,36.326068,138.169528,75.978,Alpine Mobile,36,21.374,0.0,1764.43
2024-09-23T00:12:00,36.32715,138.172075,74.753,Alpine Mobile,18,21.832,0.0,1637.94
2024-09-23T00:15:00,36.32205,138.169548,73.996,UQ Mobile,72,22.289,0.0,1010.28
2024-09-23T00:18:00,36.330023,138.170787,77.324,UQ Mobile,90,22.746,0.0,1359.69
2024-09-23T00:21:00,36.325174,138.173898,77.181,Alpine Mobile,72,23.203,0.0,1750.91
2024-09-23T00:24:00,36.32936,138.169022,74.368,Alpine Mobile,72,23.658,0.0,2496.88
2024-09-23T00:27:00,36.3211,138.174633,77.365,UQ Mobile,90,24.114,0.0,2489.48
2024-09-23T00:30:00,36.321313,138.171942,74.881,Alpine Mobile,36,24.568,0.0,1295.12
2024-09-23T00:33:00,36.326544,138.171787,75.092,Summit LTE,18,25.022,0.0,1292.45
2024-09-23T00:36:00,36.32809,138.176992,78.321,Summit LTE,36,25.475,0.0,1823.29
2024-09-23T00:39:00,36.321158,138.171733,75.349,Summit LTE,90,25.927,0.0,1024.42
2024-09-23T00:42:00,36.32723,138.16903,77.46,UQ Mobile,90,26.378,0.0,1804.91
2024-09-23T00:45:00,36.326032,138.174957,78.416,Alpine Mobile,36,26.828,0.0,1306.84
2024-09-23T00:48:00,36.324957,138.169275,78.786,Alpine Mobile,72,27.277,0.0,2529.24
2024-09-23T00:51:00,36.324054,138.172309,77.295,Alpine Mobile,36,27.724,0.0,1393.4
2024-09-23T00:54:00,36.325824,138.176019,77.964,UQ Mobile,72,28.171,0.0,1595.8
2024-09-23T00:57:00,36.326063,138.172022,77.51,Alpine Mobile,90,28.615,0.0,2542.26
2024-09-23T01:00:00,36.324001,138.179564,78.662,Alpine Mobile,72,29.059,0.0,1383.19
2024-09-23T01:03:00,36.328025,138.174868,79.464,Summit LTE,36,29.5,0.0,2475.42
2024-09-23T01:06:00,36.326274,138.175244,80.025,Alpine Mobile,90,29.941,0.0,2508.31
2024-09-23T01:09:00,36.319499,138.175227,76.628,Alpine Mobile,90,30.379,0.0,2225.47
2024-09-23T01:12:00,36.325082,138.176605,79.716,Alpine Mobile,36,30.816,0.0,2184.81
2024-09-23T01:15:00,36.318953,138.182315,78.194,UQ Mobile,18,31.25,0.0,2582.05
2024-09-23T01:18:00,36.318606,138.178139,79.26,Summit LTE,36,31.683,0.0,1025.84
2024-09-23T01:21:00,36.326551,138.182741,78.371,Summit LTE,72,32.114,0.0,2588.11
2024-09-23T01:24:00,36.327925,138.18231,78.155,UQ Mobile,72,32.543,0.0,2032.87
2024-09-23T01:27:00,36.324243,138.179873,79.439,Alpine Mobile,90,32.97,0.0,2192.13
2024-09-23T01:30:00,36.326044,138.183215,79.599,Summit LTE,90,33.394,0.0,2364.92
2024-09-23T01:33:00,36.321209,138.177146,79.696,Summit LTE,18,33.816,0.0,2593.29
2024-09-23T01:36:00,36.317704,138.18017,81.779,Summit LTE,72,34.236,0.0,1689.76
2024-09-23T01:39:00,36.321343,138.181737,80.575,UQ Mobile,72,34.653,0.0,1651.09
2024-09-23T01:42:00,36.326082,138.178388,78.631,UQ Mobile,72,35.068,0.0,2597.81
2024-09-23T01:45:00,36.322843,138.178261,82.167,Alpine Mobile,36,35.48,0.0,1846.0
2024-09-23T01:48:00,36.318135,138.177017,79.519,Summit LTE,72,35.89,0.0,2027.21
2024-09-23T01:51:00,36.325021,138.186732,79.678,Alpine Mobile,72,36.297,0.0,1709.53
2024-09-23T01:54:00,36.326427,138.185476,79.293,UQ Mobile,72,36.701,0.0,1029.4
2024-09-23T01:57:00,36.319745,138.186537,80.287,Summit LTE,90,37.102,0.0,1727.09
2024-09-23T02:00:00,36.324047,138.18136,82.76,Summit LTE,36,37.5,0.0,1260.75
2024-09-23T02:03:00,36.317003,138.185134,80.998,UQ Mobile,72,37.895,0.0,2169.85
2024-09-23T02:06:00,36.318999,138.179904,81.071,Alpine Mobile,18,38.287,0.0,1286.02
2024-09-23T02:09:00,36.319152,138.179652,80.02,UQ Mobile,72,38.677,0.0,1018.64
2024-09-23T02:12:00,36.317206,138.181749,83.238,Alpine Mobile,18,39.062,0.0,1702.48
2024-09-23T02:15:00,36.325305,138.180927,81.366,Alpine Mobile,72,39.445,0.0,1019.12
2024-09-23T02:18:00,36.320588,138.18857,80.948,Summit LTE,36,39.824,0.0,2596.79
2024-09-23T02:21:00,36.3183,138.181447,82.986,Alpine Mobile,18,40.2,0.0,1660.16
2024-09-23T02:24:00,36.31636,138.190699,82.942,Summit LTE,90,40.572,0.0,1841.04
2024-09-23T02:27:00,36.317226,138.182851,83.545,Alpine Mobile,18,40.941,0.0,1435.3
2024-09-23T02:30:00,36.321927,138.188367,81.163,Alpine Mobile,90,41.307,0.0,2529.97
2024-09-23T02:33:00,36.317398,138.186233,84.246,Summit LTE,72,41.668,0.0,1962.42
2024-09-23T02:36:00,36.322818,138.190247,83.412,UQ Mobile,36,42.026,0.0,1293.01
2024-09-23T02:39:00,36.319717,138.190227,82.368,Summit LTE,72,42.38,0.0,1954.17
2024-09-23T02:42:00,36.323009,138.184623,83.93,Alpine Mobile,90,42.731,0.0,2232.19
2024-09-23T02:45:00,36.317912,138.186683,81.56,Summit LTE,18,43.077,0.0,1695.52
2024-09-23T02:48:00,36.320156,138.189121,85.3,UQ Mobile,36,43.42,0.0,1222.26
2024-09-23T02:51:00,36.319784,138.193869,82.94,Alpine Mobile,72,43.758,0.0,1010.9
2024-09-23T02:54:00,36.323586,138.190011,85.023,Alpine Mobile,36,44.092,0.0,1602.38
2024-09-23T02:57:00,36.322402,138.195483,83.168,Summit LTE,72,44.423,0.0,2054.55
2024-09-23T03:00:00,36.317089,138.188251,85.353,UQ Mobile,36,44.749,0.0,2458.95
2024-09-23T03:03:00,36.321666,138.19285,85.116,UQ Mobile,90,45.071,0.0,2538.27
2024-09-23T03:06:00,36.317287,138.189297,83.879,UQ Mobile,72,45.388,0.0,1623.25
2024-09-23T03:09:00,36.318275,138.188127,82.82,Alpine Mobile,18,45.701,0.0,2255.06
2024-09-23T03:12:00,36.316704,138.196269,85.332,Summit LTE,18,46.01,0.0,1897.78
2024-09-23T03:15:00,36.318957,138.194827,82.865,Summit LTE,18,46.314,0.0,1683.84
2024-09-23T03:18:00,36.318942,138.194337,83.803,Summit LTE,18,46.614,0.0,1830.15
2024-09-23T03:21:00,36.317292,138.198396,84.216,UQ Mobile,36,46.909,0.0,2130.1
2024-09-23T03:24:00,36.31683,138.19026,86.117,UQ Mobile,18,47.2,0.0,2163.62
2024-09-23T03:27:00,36.32367,138.193597,84.991,Alpine Mobile,18,47.486,0.0,1556.0
2024-09-23T03:30:00,36.321174,138.195369,86.82,Alpine Mobile,36,47.767,0.0,1089.9
2024-09-23T03:33:00,36.317709,138.196019,83.766,UQ Mobile,72,48.044,0.0,1149.44
2024-09-23T03:36:00,36.320984,138.196368,84.947,UQ Mobile,90,48.316,0.0,1181.69
2024-09-23T03:39:00,36.321907,138.198305,86.6,Summit LTE,18,48.582,0.0,1473.31
2024-09-23T03:42:00,36.320652,138.196596,85.459,Alpine Mobile,72,48.844,0.0,2232.32
2024-09-23T03:45:00,36.319124,138.19854,85.971,Summit LTE,72,49.101,0.0,1804.93
2024-09-23T03:48:00,36.324507,138.194086,87.319,Summit LTE,72,49.353,0.0,1708.63
2024-09-23T03:51:00,36.316782,138.196998,84.282,Alpine Mobile,36,49.6,0.0,2592.57
2024-09-23T03:54:00,36.316928,138.199169,87.919,Summit LTE,72,49.842,0.0,2048.33
2024-09-23T03:57:00,36.318251,138.197062,86.881,Summit LTE,90,50.079,0.0,1341.4
2024-09-23T04:00:00,36.324489,138.197426,84.648,Alpine Mobile,36,50.311,0.0,2180.17
2024-09-23T04:03:00,36.321592,138.202059,88.432,Summit LTE,18,50.537,0.0,1967.35
2024-09-23T04:06:00,36.32092,138.195961,86.066,UQ Mobile,72,50.759,0.0,2189.43
2024-09-23T04:09:00,36.320404,138.204879,86.213,Alpine Mobile,18,50.975,0.0,2476.92
2024-09-23T04:12:00,36.324424,138.204222,85.67,UQ Mobile,18,51.185,0.0,2526.52
2024-09-23T04:15:00,36.323879,138.201603,88.167,Summit LTE,36,51.391,0.0,2448.79
2024-09-23T04:18:00,36.316208,138.206045,86.762,Summit LTE,18,51.59,0.0,1008.9
2024-09-23T04:21:00,36.3213,138.204029,86.088,Alpine Mobile,72,51.785,0.0,1941.59
2024-09-23T04:24:00,36.320394,138.205003,87.362,Alpine Mobile,90,51.974,0.0,1153.98
2024-09-23T04:27:00,36.319549,138.203532,85.918,Summit LTE,36,52.158,0.0,1415.5
2024-09-23T04:30:00,36.315918,138.201608,87.194,UQ Mobile,90,52.336,0.0,2188.88
2024-09-23T04:33:00,36.319094,138.204093,87.255,UQ Mobile,90,52.508,0.0,1304.72
2024-09-23T04:36:00,36.318437,138.203254,88.708,UQ Mobile,90,52.675,0.0,1268.77
2024-09-23T04:39:00,36.31584,138.209116,89.037,UQ Mobile,72,52.837,0.0,1832.55
2024-09-23T04:42:00,36.322728,138.209267,86.907,Alpine Mobile,36,52.992,0.0,1115.82
2024-09-23T04:45:00,36.321526,138.206379,86.495,UQ Mobile,18,53.143,0.0,1088.43
2024-09-23T04:48:00,36.319055,138.201266,86.401,Summit LTE,18,53.287,0.0,1673.03
2024-09-23T04:51:00,36.320583,138.207923,86.588,Alpine Mobile,18,53.426,0.0,1462.13
2024-09-23T04:54:00,36.315606,138.20595,87.045,Alpine Mobile,36,53.559,0.0,2042.3
2024-09-23T04:57:00,36.321176,138.202117,88.926,Summit LTE,36,53.686,0.0,1491.68
2024-09-23T05:00:00,36.316786,138.202725,88.025,UQ Mobile,18,53.807,0.0,1521.4
2024-09-23T05:03:00,36.316189,138.204527,87.003,Alpine Mobile,90,53.923,0.0,1739.62
2024-09-23T05:06:00,36.322253,138.210226,86.008,Alpine Mobile,72,54.033,0.0,2253.35
2024-09-23T05:09:00,36.320142,138.204393,89.686,Summit LTE,90,54.137,0.0,2090.39
2024-09-23T05:12:00,36.31866,138.205835,87.973,Alpine Mobile,36,54.235,0.0,1688.94
2024-09-23T05:15:00,36.325289,138.206403,88.898,Alpine Mobile,36,54.327,0.0,1376.6
2024-09-23T05:18:00,36.318851,138.214289,86.146,UQ Mobile,18,54.414,0.0,1328.96
2024-09-23T05:21:00,36.3195,138.207217,89.79,Summit LTE,90,54.494,0.0,1938.52
2024-09-23T05:24:00,36.317021,138.215096,86.145,Alpine Mobile,36,54.569,0.0,2421.43
2024-09-23T05:27:00,36.319892,138.20771,88.873,UQ Mobile,90,54.638,0.0,2380.79
2024-09-23T05:30:00,36.320131,138.212364,87.648,Alpine Mobile,36,54.701,0.0,1809.15
2024-09-23T05:33:00,36.324274,138.211424,89.289,UQ Mobile,72,54.757,0.0,1371.85
2024-09-23T05:36:00,36.325423,138.208438,86.274,Summit LTE,36,54.808,0.0,2560.94
2024-09-23T05:39:00,36.31651,138.209185,89.296,UQ Mobile,72,54.853,0.0,1347.17
2024-09-23T05:42:00,36.323043,138.207973,87.686,UQ Mobile,72,54.892,0.0,2156.75
2024-09-23T05:45:00,36.316337,138.209888,86.752,Summit LTE,36,54.925,0.0,2059.18
2024-09-23T05:48:00,36.317345,138.21009,86.975,Summit LTE,36,54.952,0.0,2358.94
2024-09-23T05:51:00,36.32286,138.213848,87.892,UQ Mobile,72,54.973,0.0,1992.69
2024-09-23T05:54:00,36.320467,138.211948,87.416,Summit LTE,18,54.988,0.0,1101.76
2024-09-23T05:57:00,36.317384,138.217955,89.222,UQ Mobile,90,54.997,0.0,1592.85
2024-09-23T06:00:00,36.319315,138.214815,88.517,UQ Mobile,36,55.0,0.0,1728.22
2024-09-23T06:03:00,36.319522,138.215854,87.899,Alpine Mobile,36,54.997,0.0,1882.61
2024-09-23T06:06:00,36.31789,138.213486,87.93,Summit LTE,72,54.988,0.0,1620.21
2024-09-23T06:09:00,36.318499,138.214921,88.98,Summit LTE,72,54.973,0.0,1913.38
2024-09-23T06:12:00,36.318086,138.218028,86.575,UQ Mobile,36,54.952,0.0,1067.78
2024-09-23T06:15:00,36.318388,138.221841,86.711,UQ Mobile,36,54.925,0.0,1053.98
2024-09-23T06:18:00,36.318777,138.213128,87.019,Summit LTE,90,54.892,0.0,2326.79
2024-09-23T06:21:00,36.324751,138.221704,87.09,Alpine Mobile,72,54.853,0.0,1418.74
2024-09-23T06:24:00,36.325854,138.217238,88.246,Alpine Mobile,18,54.808,0.0,1192.68
2024-09-23T06:27:00,36.321101,138.215728,89.337,Summit LTE,72,54.757,0.0,1906.38
2024-09-23T06:30:00,36.326953,138.217123,89.757,UQ Mobile,18,54.701,0.0,1267.31
2024-09-23T06:33:00,36.323063,138.215786,86.606,Summit LTE,36,54.638,0.0,2415.13
2024-09-23T06:36:00,36.324181,138.216137,86.925,UQ Mobile,90,54.569,0.0,1460.14
2024-09-23T06:39:00,36.323798,138.216556,88.089,Alpine Mobile,18,54.494,0.0,1145.18
2024-09-23T06:42:00,36.322919,138.219726,88.335,Summit LTE,72,54.414,0.0,1471.95
2024-09-23T06:45:00,36.319928,138.216661,89.326,Alpine Mobile,72,54.327,0.0,2511.19
2024-09-23T06:48:00,36.321848,138.223091,89.245,Summit LTE,72,54.235,0.0,1196.11
2024-09-23T06:51:00,36.323969,138.221169,89.632,Alpine Mobile,18,54.137,0.0,2196.27
2024-09-23T06:54:00,36.320087,138.221237,85.934,Summit LTE,18,54.033,0.0,1846.24
2024-09-23T06:57:00,36.32267,138.225523,89.024,UQ Mobile,18,53.923,0.0,2441.19
2024-09-23T07:00:00,36.326083,138.226687,88.323,Summit LTE,90,53.807,0.0,1334.8
2024-09-23T07:03:00,36.325035,138.225498,86.238,UQ Mobile,72,53.686,0.0,1960.63
2024-09-23T07:06:00,36.325633,138.224502,86.659,Summit LTE,90,53.559,0.0,1602.33
2024-09-23T07:09:00,36.318835,138.224832,87.974,Alpine Mobile,36,53.426,0.0,2461.69
2024-09-23T07:12:00,36.323708,138.228131,85.649,UQ Mobile,72,53.287,0.0,1121.6
2024-09-23T07:15:00,36.322832,138.223943,86.894,Alpine Mobile,36,53.143,0.0,2089.85
2024-09-23T07:18:00,36.328905,138.224755,87.277,Alpine Mobile,90,52.992,0.0,1012.7
2024-09-23T07:21:00,36.321333,138.222538,85.977,Summit LTE,18,52.837,0.0,2067.0
2024-09-23T07:24:00,36.325632,138.223145,86.682,UQ Mobile,18,52.675,0.0,2005.89
2024-09-23T07:27:00,36.324077,138.221995,86.81,Summit LTE,36,52.508,0.0,1352.35
2024-09-23T07:30:00,36.327926,138.225912,88.653,Alpine Mobile,72,52.336,0.0,2092.73
2024-09-23T07:33:00,36.328903,138.229609,88.466,Alpine Mobile,72,52.158,0.0,2035.12
2024-09-23T07:36:00,36.327014,138.231487,88.082,UQ Mobile,18,51.974,0.0,1967.38
2024-09-23T07:39:00,36.328339,138.228038,87.58,Summit LTE,18,51.785,0.0,2069.3
2024-09-23T07:42:00,36.328264,138.223679,86.334,UQ Mobile,72,51.59,0.0,1789.08
2024-09-23T07:45:00,36.323592,138.233264,87.074,Alpine Mobile,18,51.391,0.0,2352.28
2024-09-23T07:48:00,36.323299,138.231282,87.699,Alpine Mobile,36,51.185,0.0,1022.6
2024-09-23T07:51:00,36.321157,138.227516,86.927,UQ Mobile,72,50.975,0.0,2003.15
2024-09-23T07:54:00,36.327509,138.229214,84.984,UQ Mobile,72,50.759,0.0,2095.59
2024-09-23T07:57:00,36.329493,138.232909,87.689,Summit LTE,18,50.537,0.0,1441.54
2024-09-23T08:00:00,36.325482,138.233186,86.209,Alpine Mobile,18,50.311,0.0,1327.5
2024-09-23T08:03:00,36.321406,138.230856,86.889,Summit LTE,72,50.079,0.0,1000.36
2024-09-23T08:06:00,36.327575,138.23385,85.879,Summit LTE,72,49.842,0.0,2591.26
2024-09-23T08:09:00,36.327173,138.2361,86.875,Alpine Mobile,90,49.6,0.0,1138.51
2024-09-23T08:12:00,36.330348,138.233108,86.162,UQ Mobile,90,49.353,0.0,2432.74
2024-09-23T08:15:00,36.328714,138.230797,86.327,Alpine Mobile,36,49.101,0.0,1186.84
2024-09-23T08:18:00,36.331387,138.235387,83.964,Summit LTE,18,48.844,0.0,2220.64
2024-09-23T08:21:00,36.324549,138.2355,84.027,Alpine Mobile,90,48.582,0.0,1108.44
2024-09-23T08:24:00,36.327362,138.235434,86.743,Alpine Mobile,18,48.316,0.0,2002.87
2024-09-23T08:27:00,36.323889,138.238327,86.232,Alpine Mobile,18,48.044,0.0,2336.75
2024-09-23T08:30:00,36.329046,138.235944,83.62,Alpine Mobile,72,47.767,0.0,1661.25
2024-09-23T08:33:00,36.325701,138.23052,85.017,UQ Mobile,18,47.486,0.0,1316.23
2024-09-23T08:36:00,36.323224,138.229648,87.096,UQ Mobile,36,47.2,0.0,1181.41
2024-09-23T08:39:00,36.329916,138.238478,86.84,UQ Mobile,18,46.909,0.0,1889.05
2024-09-23T08:42:00,36.327251,138.235488,85.929,UQ Mobile,36,46.614,0.0,987.5
2024-09-23T08:45:00,36.33331,138.240279,84.894,Alpine Mobile,18,46.314,0.0,2388.69
2024-09-23T08:48:00,36.33028,138.231947,84.989,UQ Mobile,36,46.01,0.0,1152.7
2024-09-23T08:51:00,36.332862,138.236196,84.06,Summit LTE,36,45.701,0.0,2524.37
2024-09-23T08:54:00,36.332684,138.235097,84.767,Alpine Mobile,90,45.388,0.0,1601.18
2024-09-23T08:57:00,36.329895,138.233089,85.687,UQ Mobile,72,45.071,0.0,1456.02
2024-09-23T09:00:00,36.327045,138.240522,83.504,Summit LTE,90,44.749,0.0,989.41
2024-09-23T09:03:00,36.333309,138.239223,82.657,UQ Mobile,18,44.423,0.0,1067.39
2024-09-23T09:06:00,36.325323,138.235158,85.751,UQ Mobile,18,44.092,0.0,1887.17
2024-09-23T09:09:00,36.328068,138.237871,84.159,UQ Mobile,18,43.758,0.0,1068.31
2024-09-23T09:12:00,36.329038,138.241002,85.563,Alpine Mobile,18,43.42,0.0,1274.18
2024-09-23T09:15:00,36.328694,138.241077,84.815,UQ Mobile,90,43.077,0.0,1767.09
2024-09-23T09:18:00,36.334384,138.236696,81.839,UQ Mobile,36,42.731,0.0,2271.24
2024-09-23T09:21:00,36.32645,138.242065,83.158,UQ Mobile,18,42.38,0.0,2586.23
2024-09-23T09:24:00,36.334659,138.243929,82.53,Summit LTE,90,42.026,0.0,1035.29
2024-09-23T09:27:00,36.332703,138.239824,84.49,Alpine Mobile,18,41.668,0.0,1869.05
2024-09-23T09:30:00,36.327343,138.236873,83.327,Summit LTE,90,41.307,0.0,2310.83
2024-09-23T09:33:00,36.332162,138.240947,83.094,UQ Mobile,36,40.941,0.0,1758.37
2024-09-23T09:36:00,36.336183,138.242701,80.705,UQ Mobile,90,40.572,0.0,1534.8
2024-09-23T09:39:00,36.332926,138.239998,83.67,UQ Mobile,36,40.2,0.0,1115.43
2024-09-23T09:42:00,36.328339,138.24202,82.431,Alpine Mobile,36,39.824,0.0,1720.45
2024-09-23T09:45:00,36.330152,138.247186,81.254,UQ Mobile,72,39.445,0.0,1306.21
2024-09-23T09:48:00,36.33301,138.243805,79.967,Summit LTE,90,39.062,0.0,1796.27
2024-09-23T09:51:00,36.335271,138.239935,81.504,UQ Mobile,72,38.677,0.0,1649.54
2024-09-23T09:54:00,36.333501,138.248248,81.351,Alpine Mobile,72,38.287,0.0,1320.36
2024-09-23T09:57:00,36.332351,138.24473,83.432,Summit LTE,18,37.895,0.0,1297.19
2024-09-23T10:00:00,36.33123,138.245769,80.716,Alpine Mobile,36,37.5,0.0,2557.19
2024-09-23T10:03:00,36.336693,138.241125,81.731,UQ Mobile,72,37.102,0.0,1800.57
2024-09-23T10:06:00,36.338647,138.242981,80.518,UQ Mobile,90,36.701,0.0,1915.78
2024-09-23T10:09:00,36.336168,138.240709,79.045,Alpine Mobile,72,36.297,0.0,1255.49
2024-09-23T10:12:00,36.337453,138.249733,81.933,Alpine Mobile,36,35.89,0.0,2369.98
2024-09-23T10:15:00,36.336435,138.247282,78.687,Alpine Mobile,72,35.48,0.0,2412.86
2024-09-23T10:18:00,36.337925,138.246037,80.264,Alpine Mobile,18,35.068,0.0,1829.63
2024-09-23T10:21:00,36.333828,138.246457,81.162,Alpine Mobile,18,34.653,0.0,2424.4
2024-09-23T10:24:00,36.330968,138.250738,79.852,Summit LTE,18,34.236,0.0,1248.43
2024-09-23T10:27:00,36.331225,138.245221,79.11,Alpine Mobile,90,33.816,0.0,1726.09
2024-09-23T10:30:00,36.338147,138.25079,78.456,Alpine Mobile,36,33.394,0.0,1634.21
2024-09-23T10:33:00,36.332654,138.247741,78.031,Summit LTE,72,32.97,0.0,2561.39
2024-09-23T10:36:00,36.335945,138.24641,78.568,Alpine Mobile,90,32.543,0.0,1279.75
2024-09-23T10:39:00,36.332225,138.247729,77.662,UQ Mobile,18,32.114,0.0,1099.01
2024-09-23T10:42:00,36.337116,138.247206,78.834,UQ Mobile,72,31.683,0.0,2501.2
2024-09-23T10:45:00,36.332549,138.251491,79.644,Alpine Mobile,72,31.25,0.0,2108.93
2024-09-23T10:48:00,36.33929,138.245036,79.041,Alpine Mobile,90,30.816,0.0,1162.48
2024-09-23T10:51:00,36.337946,138.246767,77.136,UQ Mobile,90,30.379,0.0,2018.82
2024-09-23T10:54:00,36.333193,138.246416,79.607,UQ Mobile,90,29.941,0.0,2201.75
2024-09-23T10:57:00,36.335036,138.251551,78.457,Summit LTE,18,29.5,0.0,1598.42
2024-09-23T11:00:00,36.335024,138.255742,78.44,Alpine Mobile,36,29.059,0.0,2549.21
2024-09-23T11:03:00,36.339077,138.250923,79.028,UQ Mobile,36,28.615,0.0,1046.0
2024-09-23T11:06:00,36.340132,138.249543,79.313,UQ Mobile,72,28.171,0.0,1019.6
2024-09-23T11:09:00,36.339551,138.251037,78.096,Summit LTE,36,27.724,0.0,1479.84
2024-09-23T11:12:00,36.340624,138.253617,77.047,Alpine Mobile,36,27.277,0.0,1881.05
2024-09-23T11:15:00,36.338056,138.247594,79.018,Summit LTE,72,26.828,0.0,1437.96
2024-09-23T11:18:00,36.338632,138.256351,77.192,Summit LTE,36,26.378,0.0,1758.88
2024-09-23T11:21:00,36.337896,138.249472,76.745,Summit LTE,90,25.927,0.0,1489.27
2024-09-23T11:24:00,36.340281,138.253589,75.709,Summit LTE,36,25.475,0.0,1151.81
2024-09-23T11:27:00,36.345302,138.252427,78.175,Alpine Mobile,18,25.022,0.0,2446.98
2024-09-23T11:30:00,36.338537,138.254466,77.24,Summit LTE,18,24.568,0.0,2000.18
2024-09-23T11:33:00,36.337291,138.251929,77.825,UQ Mobile,90,24.114,0.0,2587.34
2024-09-23T11:36:00,36.338477,138.253433,74.783,Alpine Mobile,18,23.658,0.0,2522.87
2024-09-23T11:39:00,36.339045,138.251137,76.443,UQ Mobile,18,23.203,0.0,1435.44
2024-09-23T11:42:00,36.342407,138.252218,77.2,Alpine Mobile,90,22.746,0.0,1310.09
2024-09-23T11:45:00,36.346098,138.254009,74.568,Alpine Mobile,90,22.289,0.0,1664.2
2024-09-23T11:48:00,36.339164,138.25119,73.61,Alpine Mobile,18,21.832,0.0,1256.92
2024-09-23T11:51:00,36.339133,138.256136,74.668,Summit LTE,36,21.374,0.0,1452.03
2024-09-23T11:54:00,36.340945,138.257866,76.262,Summit LTE,18,20.916,0.0,1707.55
2024-09-23T11:57:00,36.346214,138.252246,72.998,UQ Mobile,36,20.458,0.0,1914.24
2024-09-23T12:00:00,36.348478,138.26038,72.961,Alpine Mobile,72,20.0,0.0,2506.98
2024-09-23T12:03:00,36.339001,138.259557,72.767,UQ Mobile,90,19.542,0.0,1155.36
2024-09-23T12:06:00,36.339932,138.261943,73.458,Alpine Mobile,36,19.084,0.0,1626.97
2024-09-23T12:09:00,36.348603,138.260374,72.268,Summit LTE,72,18.626,0.0,1038.79
2024-09-23T12:12:00,36.347228,138.262405,75.433,UQ Mobile,36,18.168,0.0,1575.97
2024-09-23T12:15:00,36.34467,138.259199,74.645,UQ Mobile,90,17.711,0.0,2368.11
2024-09-23T12:18:00,36.343525,138.261579,72.286,Alpine Mobile,90,17.254,0.0,1725.34
2024-09-23T12:21:00,36.346705,138.257531,73.736,Alpine Mobile,36,16.797,0.0,1319.63
2024-09-23T12:24:00,36.341018,138.263706,72.356,Summit LTE,36,16.342,0.0,2405.68
2024-09-23T12:27:00,36.348529,138.255477,73.5,Alpine Mobile,90,15.886,0.0,2587.48
2024-09-23T12:30:00,36.346817,138.256124,72.961,Summit LTE,18,15.432,0.0,1962.3
2024-09-23T12:33:00,36.342568,138.263254,71.958,Alpine Mobile,90,14.978,0.0,1720.3
2024-09-23T12:36:00,36.351443,138.256144,72.277,UQ Mobile,72,14.525,0.0,1636.11
2024-09-23T12:39:00,36.34661,138.25607,71.223,UQ Mobile,90,14.073,0.0,1104.1
2024-09-23T12:42:00,36.352315,138.26505,71.1,Summit LTE,90,13.622,0.0,2573.28
2024-09-23T12:45:00,36.3467,138.256996,71.701,Alpine Mobile,90,13.172,0.0,1720.9
2024-09-23T12:48:00,36.34748,138.256688,69.647,Summit LTE,72,12.723,0.0,1877.57
2024-09-23T12:51:00,36.344967,138.265828,71.801,Summit LTE,36,12.276,0.0,1355.11
2024-09-23T12:54:00,36.351618,138.264869,69.965,Alpine Mobile,72,11.829,0.0,2356.9
2024-09-23T12:57:00,36.344591,138.264233,71.541,UQ Mobile,72,11.385,0.0,2095.82
2024-09-23T13:00:00,36.348039,138.2616,72.378,Alpine Mobile,36,10.941,0.0,1507.64
2024-09-23T13:03:00,36.351831,138.260271,71.982,Summit LTE,90,10.5,0.0,2257.46
2024-09-23T13:06:00,36.354371,138.266346,68.893,Alpine Mobile,90,10.059,0.042,1717.16
2024-09-23T13:09:00,36.349455,138.261569,68.125,Summit LTE,90,9.621,0.084,1304.96
2024-09-23T13:12:00,36.350705,138.261233,69.313,Alpine Mobile,72,9.184,0.125,1525.87
2024-09-23T13:15:00,36.347093,138.26332,65.205,Summit LTE,36,8.75,0.167,1208.09
2024-09-23T13:18:00,36.352378,138.266883,66.033,Summit LTE,72,8.317,0.208,1056.22
2024-09-23T13:21:00,36.35338,138.259535,66.623,Alpine Mobile,72,7.886,0.249,1702.44
2024-09-23T13:24:00,36.354065,138.263087,62.762,UQ Mobile,72,7.457,0.29,2178.27
2024-09-23T13:27:00,36.353615,138.26777,62.396,Summit LTE,36,7.03,0.33,2398.65
2024-09-23T13:30:00,36.349174,138.259662,60.415,Alpine Mobile,90,6.606,0.371,1776.48
2024-09-23T13:33:00,36.356487,138.26498,59.948,Summit LTE,72,6.184,0.411,1453.03
2024-09-23T13:36:00,36.353451,138.264927,60.248,Summit LTE,90,5.764,0.451,2621.45
2024-09-23T13:39:00,36.354367,138.264021,59.197,UQ Mobile,72,5.347,0.491,1723.42
2024-09-23T13:42:00,36.353729,138.263885,60.241,Alpine Mobile,90,4.932,0.53,1625.45
2024-09-23T13:45:00,36.356334,138.261081,57.192,Alpine Mobile,72,4.52,0.57,1294.14
2024-09-23T13:48:00,36.350609,138.262196,58.271,UQ Mobile,90,4.11,0.609,2048.72
2024-09-23T13:51:00,36.356211,138.269792,53.868,Summit LTE,72,3.703,0.647,2443.2
2024-09-23T13:54:00,36.355675,138.266511,54.308,UQ Mobile,36,3.299,0.686,1617.21
2024-09-23T13:57:00,36.359355,138.263483,54.409,Alpine Mobile,90,2.898,0.724,1329.42
2024-09-23T14:00:00,36.354496,138.268837,51.939,Summit LTE,72,2.5,0.762,1651.74
2024-09-23T14:03:00,36.359705,138.267175,51.867,Summit LTE,18,2.105,0.8,1996.09
2024-09-23T14:06:00,36.358485,138.266508,50.803,Alpine Mobile,18,1.713,0.837,1426.82
2024-09-23T14:09:00,36.360015,138.267429,49.905,Summit LTE,90,1.323,0.874,2344.5
2024-09-23T14:12:00,36.352306,138.268463,51.576,Alpine Mobile,18,0.938,0.911,1769.5
2024-09-23T14:15:00,36.354106,138.270935,47.022,Alpine Mobile,18,0.555,0.947,1983.8
2024-09-23T14:18:00,36.359275,138.272063,48.935,UQ Mobile,90,0.176,0.983,1269.24
2024-09-23T14:21:00,36.360093,138.265605,47.054,Summit LTE,18,-0.2,1.0,1909.95
2024-09-23T14:24:00,36.356577,138.273105,51.006,Alpine Mobile,72,-0.572,1.0,1270.44
2024-09-23T14:27:00,36.358196,138.271147,50.013,Summit LTE,18,-0.941,1.0,1034.32
2024-09-23T14:30:00,36.360302,138.271781,47.034,UQ Mobile,18,-1.307,1.0,2058.67
2024-09-23T14:33:00,36.355641,138.268757,46.862,UQ Mobile,72,-1.668,1.0,2482.72
2024-09-23T14:36:00,36.355135,138.271405,50.19,Alpine Mobile,36,-2.026,1.0,1495.38
2024-09-23T14:39:00,36.357521,138.272025,48.844,Summit LTE,72,-2.38,1.0,1997.86
2024-09-23T14:42:00,36.360466,138.26845,47.235,Summit LTE,36,-2.731,1.0,2569.98
2024-09-23T14:45:00,36.357841,138.267646,48.891,UQ Mobile,36,-3.077,1.0,1077.21
2024-09-23T14:48:00,36.357612,138.273885,49.664,Summit LTE,36,-3.42,1.0,1515.74
2024-09-23T14:51:00,36.366649,138.273083,48.876,UQ Mobile,18,-3.758,1.0,1423.88
2024-09-23T14:54:00,36.366671,138.27005,47.793,UQ Mobile,72,-4.092,1.0,2013.31
2024-09-23T14:57:00,36.364393,138.268015,46.558,Summit LTE,90,-4.423,1.0,2355.16
2024-09-23T15:00:00,36.359587,138.26927,47.927,Summit LTE,36,-4.749,1.0,1252.97
2024-09-23T15:03:00,36.367228,138.273054,47.342,Alpine Mobile,72,-5.071,1.0,2247.46
2024-09-23T15:06:00,36.368235,138.273938,49.665,Summit LTE,18,-5.388,1.0,1528.86
2024-09-23T15:09:00,36.368071,138.266772,48.93,Alpine Mobile,90,-5.701,1.0,2105.82
2024-09-23T15:12:00,36.36081,138.268114,47.401,Alpine Mobile,36,-6.01,1.0,1544.88
2024-09-23T15:15:00,36.362542,138.271188,47.876,Alpine Mobile,90,-6.314,1.0,1734.0
2024-09-23T15:18:00,36.363734,138.26988,49.103,UQ Mobile,90,-6.614,1.0,1323.55
2024-09-23T15:21:00,36.362964,138.271251,45.355,Alpine Mobile,72,-6.909,1.0,2574.96
2024-09-23T15:24:00,36.365629,138.270945,49.309,Summit LTE,72,-7.2,1.0,1757.88
2024-09-23T15:27:00,36.363831,138.273352,47.931,UQ Mobile,72,-7.486,1.0,2121.27
2024-09-23T15:30:00,36.365298,138.27456,49.989,Summit LTE,72,-7.767,1.0,1196.0
2024-09-23T15:33:00,36.368711,138.272671,49.002,Summit LTE,72,-8.044,1.0,1100.88
2024-09-23T15:36:00,36.364239,138.271888,45.331,Summit LTE,18,-8.316,1.0,2094.32
2024-09-23T15:39:00,36.36599,138.27406,46.84,Summit LTE,90,-8.582,1.0,1609.82
2024-09-23T15:42:00,36.367625,138.277892,47.538,Summit LTE,18,-8.844,1.0,2324.9
2024-09-23T15:45:00,36.363465,138.272363,49.049,Alpine Mobile,72,-9.101,1.0,2156.65
2024-09-23T15:48:00,36.368439,138.276423,44.976,Alpine Mobile,72,-9.353,1.0,2503.35
2024-09-23T15:51:00,36.369443,138.269708,44.994,Summit LTE,90,-9.6,1.0,2567.23
2024-09-23T15:54:00,36.365657,138.269172,51.301,Alpine Mobile,90,-9.842,1.0,1094.8
2024-09-23T15:57:00,36.368318,138.273902,46.974,Alpine Mobile,72,-10.079,1.0,2261.08
2024-09-23T16:00:00,36.370498,138.275647,51.099,Summit LTE,90,-10.311,1.0,998.59
2024-09-23T16:03:00,36.366839,138.275529,47.08,Alpine Mobile,36,-10.537,1.0,1713.27
2024-09-23T16:06:00,36.367063,138.278248,46.727,UQ Mobile,90,-10.759,1.0,2016.74
2024-09-23T16:09:00,36.369276,138.273666,51.442,Alpine Mobile,18,-10.975,1.0,1119.23
2024-09-23T16:12:00,36.368212,138.27018,49.977,UQ Mobile,36,-11.185,1.0,1258.23
2024-09-23T16:15:00,36.369556,138.274079,49.646,UQ Mobile,72,-11.391,1.0,1227.68
2024-09-23T16:18:00,36.373681,138.27733,48.465,Alpine Mobile,90,-11.59,1.0,1075.55
2024-09-23T16:21:00,36.373183,138.276177,51.509,Summit LTE,72,-11.785,1.0,1088.96
2024-09-23T16:24:00,36.368732,138.277384,45.322,UQ Mobile,18,-11.974,1.0,2128.17
2024-09-23T16:27:00,36.376529,138.27423,46.273,UQ Mobile,36,-12.158,1.0,2059.43
2024-09-23T16:30:00,36.374349,138.279707,47.893,Summit LTE,36,-12.336,1.0,1507.85
2024-09-23T16:33:00,36.373927,138.271424,47.388,Alpine Mobile,90,-12.508,1.0,1452.01
2024-09-23T16:36:00,36.371046,138.276011,48.153,Alpine Mobile,72,-12.675,1.0,1870.76
2024-09-23T16:39:00,36.373403,138.271103,48.003,Alpine Mobile,18,-12.837,1.0,2130.29
2024-09-23T16:42:00,36.370655,138.280213,49.799,Alpine Mobile,90,-12.992,1.0,1191.4
2024-09-23T16:45:00,36.379713,138.272903,47.249,Summit LTE,72,-13.143,1.0,2538.01
2024-09-23T16:48:00,36.372906,138.277514,47.046,Summit LTE,72,-13.287,1.0,1720.45
2024-09-23T16:51:00,36.380363,138.274977,48.96,UQ Mobile,90,-13.426,1.0,1775.06
2024-09-23T16:54:00,36.380481,138.277461,48.354,Summit LTE,90,-13.559,1.0,2028.01
2024-09-23T16:57:00,36.380093,138.273673,46.663,Summit LTE,18,-13.686,1.0,1986.13
